,NOD32,SUPERAntiSpyware,Acronis,TrendMicro-HouseCall,Command,eGambit,Baidu-International,Antiy-AVL,Paloalto,SymantecMobileInsight,Babable,DrWeb,F-Prot,CAT-QuickHeal,Zoner,McAfee,Invincea,SecureWeb-Gateway,TACHYON,FireEye,CrowdStrike,NOD32Beta,AVware,AhnLab-V3,Baidu,AhnLab,K7GW,Authentium,Cynet,NOD32v2,VIRobot,McAfee-GW-Edition,MaxSecure,AVG,Tencent,VirusBuster,VIPRE,TheHacker,AntiVir,TrendMicro,UNA,Norman,Cybereason,eTrust-InoculateIT,McAfee+Artemis,PCTools,Endgame,Elastic,PandaBeta2,CyrenCloud,Avast,Fortinet,Prevx1,AegisLab,McAfeeBeta,eTrust-Vet,Agnitum,Ikarus,ESET-NOD32,VBA32,BitDefenderTheta,Kaspersky,Arcabit,Bkav,ZoneAlarm,a-squared,ahnlab,NANO-Antivirus, CarpeDiem (v),DrWebSE,PandaB3,Comodo,Panda,ViRobot,PandaBeta,eScan,Prevx,Cylance,T3,Gridinsoft,Alibaba,Kaspersky21,Malwarebytes3,Avast-Mobile,Sunbelt,CMC,Jiangmin,MicroWorld-eScan,eSafe,Kingsoft,Emsisoft,Zillya,ByteHero,Avira,Yandex,APEX,F-Prot4,K7AntiVirus,Symantec,ALYac,ClamAV,Trapmine,SophosML,nProtect,Webwasher-Gateway,Antivir7,Microsoft,Cyren,Sangfor,Malwarebytes,TotalDefense,MAX,Sophos,WhiteArmor,Webroot,Trustlook,Avast5,F-Secure,FileAdvisor,SentinelOne,Qihoo-360,BitDefender,Ewido,Commtouch,GData,BitDefenderFalx,SAVMail,Ad-Aware,FortinetBeta,Rising
NOD32,1.0,0.0,0.0,0.0,0.0,0.0,0.0,0.0,0.0,0.0,0.0,0.0,6.6e-06,8.01e-06,2.267e-05,3.5e-07,0.0,0.0,0.0,0.0,0.0,0.09527582,0.0,0.00020699,0.0,0.0,0.0,0.0,0.0,0.02257424,0.0,1.05e-06,0.0,0.00027619,0.0,1.037e-05,0.0,1.158e-05,1.991e-05,0.0,0.0,0.0,0.0,3.293e-05,0.0,0.0,0.0,0.0,0.0,0.0,0.0,4.824e-05,0.0,0.0,0.0,0.00218506,3.84e-06,0.0,0.11346348,0.0,0.0,0.0,0.0,0.0,0.0,0.0,0.0,0.0,0.0,0.0,0.0,0.0,2.098e-05,0.0,0.0,0.0,0.0,0.0,0.0,0.0,0.0,0.0,0.0,0.0,0.0,0.0,1.517e-05,0.0,0.0,0.0,0.0,0.0,0.0,0.0,1.87e-06,0.0,0.0,0.0,0.0,0.0,0.0,0.0,0.0,0.0,0.0,0.0,7.29e-05,1.391e-05,0.0,0.0,0.00201688,0.0,0.0,0.0,0.0,0.0,0.0,0.0,0.0,0.0,0.0,0.0,0.0,0.0,0.0,0.0,0.0,0.0,0.0,0.0
SUPERAntiSpyware,0.0,1.0,0.0,0.0,0.0,0.0,0.0,0.0,0.0,0.0,0.0,0.00011682,0.0,0.00132306,0.00148702,0.0,0.0,0.0,0.0,0.0,0.0,0.0,0.00191268,0.0,6.959e-05,0.0,8.27e-06,0.0,0.0,0.0,0.0,1.08e-06,3.239e-05,3.41e-06,0.0,0.0,0.00168213,0.0,7.76e-06,0.0,0.00081405,0.0,0.0,0.0,0.0,0.00359092,0.0,0.0,0.0,0.0,0.0,4.85e-06,0.00046702,7.46e-05,0.0,0.0,0.0,0.0020598,0.0,0.00229368,0.0,0.0,4.95e-06,0.0,0.0,0.0,0.0,0.0,0.0,0.0,0.0,0.0,0.0,0.0,0.0,0.0,0.0,0.0,0.0,0.0,0.0,0.0,0.00083373,0.0,0.00104822,0.0,0.0,0.0,0.0,0.0,0.0,0.0,0.0,4.47e-06,0.0,0.0,0.0,7.7e-06,0.00181113,4.098e-05,8.603e-05,0.0,0.0,0.0,0.00010103,0.0,0.0,0.0,0.0,0.0088026,0.0,0.0,0.0,0.0,0.00131406,0.0,0.0,0.0,0.0,0.0,0.0,1.48e-06,0.00149781,0.0,0.0,0.0,0.0,0.0,0.0,4.47e-06
Acronis,0.0,0.0,1.0,0.0,0.0,0.0,4.15e-06,0.0,0.0,0.0,0.0,0.0,0.0,0.0,0.0,0.0,0.0,0.0,0.0,0.0,0.0,0.0,0.0,0.0,0.0,0.0,0.0,0.0,0.0,0.0,0.0,0.0,0.0,0.0,0.0,0.0,0.0,0.0,0.0,0.0,0.0,0.0,0.0,0.0,0.0,0.0,0.0,0.0,0.0,0.0,0.0,5.06e-06,0.0,0.0,0.0,0.0,0.0,0.0,0.0,0.0,0.0,0.0,0.0,0.0,0.0,0.0,0.0,0.0,0.0,0.0,0.0,0.0,0.0,0.0,0.0,0.0,0.0,0.0,0.0,0.0,0.0,0.0,0.0,0.0,0.0,0.0,0.0,0.0,0.0,0.0,0.0,0.0,0.0,0.0,0.0,0.0,0.0,0.0,0.0,0.0,0.0,0.0,0.0,0.0,0.0,0.0,0.0,0.0,0.0,0.0,0.0,0.0,0.0,0.0,0.0,0.0,0.0,0.0,0.0,0.0,0.0,0.0,0.0,0.0,0.0,0.0,0.0,0.0,0.0,0.0
TrendMicro-HouseCall,0.0,0.0,0.0,1.0,0.0,0.0,2.373e-05,0.0,0.0,0.0,0.0,0.0,0.0,0.0,0.0,0.0,0.0,0.0,0.0,0.0,0.0,0.0,0.0,0.0,0.0,0.0,0.0,0.0,0.0,0.0,0.0,0.0,0.0,0.0,0.0,0.0,0.0,0.0,0.0,0.71432976,0.0,0.0,0.0,0.0,0.0,0.0,0.0,0.0,0.0,0.0,0.0,1.322e-05,5.54e-06,0.0,0.0,0.0,0.0,9.8e-06,0.0,0.0,0.0,0.0,0.0,0.0,0.0,0.0,0.0,0.0,0.0,0.0,0.0,0.0,0.0,0.0,0.0,0.0,0.0,0.0,0.0,0.0,0.0,0.0,0.0,0.0,0.0,0.0,0.0,0.0,0.0,0.0,0.0,0.0,0.0,0.0,0.0,0.0,0.0,0.0,0.0,0.0,0.0,0.0,0.0,0.0,0.0,0.0,0.0,0.0,0.0,0.0,0.0,0.0,0.0,0.0,5.26e-06,0.0,0.0,0.0,0.0,0.0,0.0,0.0,0.0,0.0,0.0,0.0,0.0,0.0,5.53e-06,1.19e-06
Command,0.0,0.0,0.0,0.0,1.0,0.0,0.0,0.0,0.0,0.0,0.0,0.0,0.01004258,0.0,0.0,3.5e-07,0.0,0.0,0.0,0.0,0.0,0.0,0.0,0.0,0.0,0.0,0.0,0.03836579,0.0,0.0,0.0,1.08e-06,0.0,0.0,0.0,0.0,0.0,6.96e-06,7.397e-05,0.0,0.0,3.961e-05,0.0,0.0,0.0,0.0,0.0,0.0,0.00079051,0.00078864,1.277e-05,8.039e-05,0.0,0.0,0.0,0.0,0.0,0.0,0.0,0.0,0.0,0.0,0.0,0.0,0.0,0.0,0.0,0.0,0.0,0.0,0.00077821,0.0,0.00042912,0.0,0.00144578,0.0,0.0,0.0,0.0,0.0,0.0,0.0,0.0,0.0,0.0,0.0,0.0,0.0,0.0,0.0,0.0,0.0,0.0,4.156e-05,0.0,0.0,0.01867816,0.0,0.0,0.0,0.0,0.0,0.0,0.0,0.0,0.0,0.0,0.00210963,0.0,0.0,0.0,0.0,0.0,0.0,0.0,0.0,0.0,1.99e-06,0.0,0.0,0.0,0.0,0.0,0.00837452,0.0,0.0,0.0,0.0,0.00192184,0.0
eGambit,0.0,0.0,0.0,0.0,0.0,1.0,0.0,0.0,0.0,0.0,0.0,0.0,0.0,1.056e-05,7.127e-05,0.0,0.0,0.0,0.0,0.0,0.0,0.0,0.0,0.0,0.0,0.0,0.0,0.0,0.0,0.0,0.0,0.0,0.0,0.0,0.0,0.0,0.0,0.0,0.0,0.0,0.0,0.0,0.0,0.0,0.0,0.00017298,0.0,0.0,0.0,0.0,0.0,0.0,0.00265957,0.0,0.0,0.0,0.0,4.181e-05,0.0,1.27e-05,0.0,0.0,2.53e-06,0.0,0.0,0.0,0.0,0.0,0.0,0.0,0.0,0.0,0.0,0.0,0.0,0.0,0.0,0.0,0.0,0.0,0.0,0.0,0.0,0.0,0.0,0.0,1.59e-06,0.0,0.0,0.0,0.0,0.0,0.0,0.0,0.0,0.0,0.0,0.0,0.0,0.0,0.0,0.0,0.0,0.0,0.0,0.0,0.0,0.0,0.0,0.00018371,0.0,0.0,0.0,0.0,0.0,0.0,0.0,0.0,0.0,0.0,8.58e-06,0.0,0.0,0.0,0.0,0.0,0.0,0.0,0.0,0.0
Baidu-International,0.0,0.0,4.15e-06,2.373e-05,0.0,0.0,1.0,0.00016165,0.0,0.0,0.0,0.0,0.0,1.192e-05,0.0,0.0,0.0,0.0,0.0,0.0,0.0,0.0,0.00012103,0.0,0.00021455,0.0,0.0,0.0,0.0,0.0,4.15e-06,0.0,2.766e-05,0.0,0.00025378,0.0,0.00030267,0.0,0.0,2.501e-05,2.072e-05,0.0,0.0,0.0,0.0,4.05e-06,0.0,0.0,0.0,0.0,0.0,2.28e-06,8.29e-06,0.0,0.0,0.0,0.0,0.00089574,0.0,0.00194324,0.0,0.01825699,1.727e-05,0.0,0.00706698,0.0,0.0,1.88e-06,0.0,0.0,0.0,0.0004204,0.0,5.6e-06,0.0,0.0,0.0,0.0,4.975e-05,0.0,0.0,4.15e-06,0.0,0.0,0.00063026,0.0,5.288e-05,1.101e-05,6.738e-05,0.0,0.0,0.0,1.658e-05,0.0,0.0,0.0,0.0,0.00064571,3.91e-06,1.393e-05,1.95e-06,0.0,0.0,5.13e-06,0.0,0.0,4.295e-05,0.0,0.00032839,3.89e-06,0.0,0.0,0.0,0.0,1.195e-05,0.0,0.0,0.00042797,0.0,0.0,0.00033588,9.9e-06,0.0,0.0,8.123e-05,0.0,0.0,1.202e-05,0.0,0.00024463
Antiy-AVL,0.0,0.0,0.0,0.0,0.0,0.0,0.00016165,1.0,0.0,0.0,0.0,0.0,0.0,0.0,0.0,0.0,0.0,0.0,0.0,0.0,0.0,0.0,0.0,0.00319039,0.00016131,0.0,0.0,0.0,0.0,0.0,0.0,0.0,0.0,0.0,6.02e-06,0.0,0.0,6.2e-06,0.0,0.0,0.0,0.0,0.0,0.0,0.0,0.0,0.0,0.0,0.0,0.0,0.0,0.0,0.0,0.0,0.0,0.0,0.0,0.00016459,0.0,0.00014377,0.0,0.00012253,0.0,0.0,0.00022547,0.0,0.0,0.0,0.0,0.0,0.0,1.862e-05,0.0,0.0,0.0,0.0,0.0,0.0,0.0,0.0,0.0,0.0,0.0,0.0,0.00025216,0.0,2.47e-05,0.0,9.995e-05,0.0,0.0,0.0,0.0,0.0,0.0,0.0,0.0,6.413e-05,0.0,0.0,0.0,0.0,0.0,0.0,0.0,0.0,0.0,0.0,0.00014017,2.861e-05,0.0,0.0,0.0,0.0,0.00017414,0.0,0.0,2.879e-05,0.0,0.0,7.4e-06,0.0,0.0,0.0,6.02e-06,0.0,0.0,0.0,0.0,0.0
Paloalto,0.0,0.0,0.0,0.0,0.0,0.0,0.0,0.0,1.0,0.0,0.0,0.0,0.0,0.0,0.0,0.0,0.0,0.0,0.0,0.0,0.0,0.0,0.0,0.0,0.0,0.0,0.0,0.0,0.0,0.0,0.0,0.0,0.0,0.0,0.0,0.0,0.0,0.0,0.0,0.0,0.0,0.0,0.0,0.0,0.0,0.0,0.0,0.0,0.0,0.0,0.0,0.0,0.0,0.0,0.0,0.0,0.0,0.0,0.0,0.0,0.0,0.0,0.0,0.0,0.0,0.0,0.0,0.0,0.0,0.0,0.0,0.0,0.0,0.0,0.0,0.0,0.0,0.0,0.0,0.0,0.0,0.0,0.0,0.0,0.0,0.0,0.0,0.0,0.0,0.0,0.0,0.0,0.0,0.0,0.0,0.0,0.0,0.0,0.0,0.0,0.0,0.0,0.0,0.0,0.0,0.0,0.0,0.0,0.0,0.0,0.0,0.0,0.0,0.0,0.0,0.0,0.0,0.0,0.0,0.0,0.0,0.0,0.0,0.0,0.0,0.0,0.0,0.0,0.0,0.0
SymantecMobileInsight,0.0,0.0,0.0,0.0,0.0,0.0,0.0,0.0,0.0,1.0,0.0,0.0,0.0,0.0,0.0,0.0,0.0,0.0,0.0,0.0,0.0,0.0,0.0,0.0,0.0,0.0,0.0,0.0,0.0,0.0,0.0,0.0,0.0,0.0,0.0,0.0,0.0,0.0,0.0,0.0,0.0,0.0,0.0,0.0,0.0,0.0,0.0,0.0,0.0,0.0,0.0,0.0,0.0,0.0,0.0,0.0,0.0,0.0,0.0,0.0,0.0,0.0,0.0,0.0,0.0,0.0,0.0,0.0,0.0,0.0,0.0,0.0,0.0,0.0,0.0,0.0,0.0,0.0,0.0,0.0,0.0,0.0,0.0,0.0,0.0,0.0,0.0,0.0,0.0,0.0,0.0,0.0,0.0,0.0,0.0,0.0,0.0,0.0,0.0,0.0,0.0,0.0,0.0,0.0,0.0,0.0,0.0,0.0,0.0,0.0,0.0,0.0,0.0,0.0,0.0,0.0,0.0,0.0,0.0,0.0,0.0,0.0,0.0,0.0,0.0,0.0,0.0,0.0,0.0,0.0
Babable,0.0,0.0,0.0,0.0,0.0,0.0,0.0,0.0,0.0,0.0,1.0,0.0,0.0,0.0,0.0,0.0,0.0,0.0,0.0,0.0,0.0,0.0,0.0,0.0,0.0,0.0,0.0,0.0,0.0,0.0,0.0,0.0,0.0,0.0,0.0,0.0,0.0,0.0,0.0,0.0,0.0,0.0,0.0,0.0,0.0,0.0,0.0,0.0,0.0,0.0,0.0,0.0,0.0,0.0,0.0,0.0,0.0,0.0,0.0,0.0,0.0,0.0,0.0,0.0,0.0,0.0,0.0,0.0,0.0,0.0,0.0,0.0,0.0,0.0,0.0,0.0,0.0,0.0,0.0,0.0,0.0,0.0,0.0,0.0,0.0,0.0,0.0,0.0,0.0,0.0,0.0,0.0,0.0,0.0,0.0,0.0,0.0,0.0,0.0,0.0,0.0,0.0,0.0,0.0,0.0,0.0,0.0,0.0,0.0,0.0,0.0,0.0,0.0,1.0,0.0,0.0,0.0,0.0,0.0,0.0,0.0,0.0,0.0,0.0,0.0,0.0,0.0,0.0,0.0,0.0
DrWeb,0.0,0.00011682,0.0,0.0,0.0,0.0,0.0,0.0,0.0,0.0,0.0,1.0,4.48e-06,0.00014522,4.42e-05,0.0,0.0,0.0,0.0,3.98e-06,0.0,0.0,4.814e-05,0.0,0.0,0.0,0.0,0.0,0.0,0.0,0.0,1.6e-06,0.0,3.441e-05,0.0,2.808e-05,6.853e-05,2.14e-06,0.0,0.0,3.07e-06,0.0,0.0,0.0,0.0,0.00013893,0.0,0.0,0.0,0.0,0.0,1.91e-06,6.14e-06,2.36e-06,0.0,0.0,5.038e-05,0.00028065,4.07e-06,0.00202816,0.0,0.0,0.00011647,0.0,0.0,0.0,0.0,0.0,0.0,5.529e-05,0.0,2.72e-06,0.0,1.127e-05,0.0,9.15e-06,0.0,0.0,9.21e-06,0.0,0.0,0.0,6.14e-06,0.0,3.63e-05,0.0,5.24e-06,0.00014752,3.266e-05,3.374e-05,0.0,0.0,0.0,1.85e-06,2.767e-05,0.0,0.0,0.0,0.00021449,0.00012296,4.865e-05,0.0,0.0,9.711e-05,6.11e-06,0.0,0.0,3.91e-06,0.0,0.00021075,2.62e-06,0.0,0.0,0.0,6.558e-05,0.0,0.0,0.00017519,0.0,0.0,0.0,0.00019124,3.369e-05,2.5e-06,0.00019677,0.0,0.0,0.00012483,0.0,5.06e-06
F-Prot,6.6e-06,0.0,0.0,0.0,0.01004258,0.0,0.0,0.0,0.0,0.0,0.0,4.48e-06,1.0,1.854e-05,0.0,5.03e-06,0.0,0.0,0.0,1.3e-06,0.0,0.0,0.0,5.76e-06,0.0,8.25e-06,4.28e-06,0.10458642,0.0,0.0,0.0,7.68e-06,0.0,1.478e-05,0.0,0.0,0.0,0.00011378,0.00053007,0.0,0.0,0.0007578,0.0,0.0,2.073e-05,1.578e-05,0.0,0.0,8.25e-06,0.00011554,5.04e-06,0.00152916,0.0,0.0,8.23e-06,7.36e-06,5.69e-06,6.9e-06,5.583e-05,2.002e-05,0.0,0.0,3.87e-06,0.0,0.0,0.0,0.0,0.0,0.0,0.0,8.25e-06,0.0,0.00096074,0.0,9.837e-05,0.0,0.0,0.0,0.0,0.0,0.0,0.0,0.0,0.0,1.585e-05,0.0,2.67e-06,7.17e-06,0.0,0.0,0.0,0.0,0.0,0.0004222,1.59e-06,0.0,0.00101475,4.12e-06,2.205e-05,2.2e-06,0.0,0.0,0.0,8.6e-06,0.0,0.0,0.0,0.1216804,0.0,0.0,2.255e-05,0.0,1.174e-05,0.0,7.63e-06,0.0,0.0,4.01e-05,0.0,0.0,4.21e-06,7.6e-06,0.0,0.13538858,7.83e-06,0.0,0.0,3.18e-06,0.00011526,0.0
CAT-QuickHeal,8.01e-06,0.00132306,0.0,0.0,0.0,1.056e-05,1.192e-05,0.0,0.0,0.0,0.0,0.00014522,1.854e-05,1.0,0.00184783,0.0,0.0,0.0002921,0.0,1.76e-06,0.0,1.026e-05,0.00030581,0.0,3.977e-05,0.0,0.0,0.0,0.0,1.044e-05,0.0,0.00046414,0.00053706,1.581e-05,8.1e-06,6.222e-05,0.00035362,0.0,1.395e-05,0.0,0.00016878,5.78e-06,0.0,0.0,0.0,0.00243143,0.0,0.0,0.0,0.0,0.0,3.42e-06,8.441e-05,1.551e-05,0.0,0.0,2.77e-05,0.00441434,1.923e-05,0.04330616,0.0,0.00020855,7.546e-05,0.0,7.739e-05,0.0,0.0,0.0,0.0,0.0,0.0,1.98e-06,8.93e-06,1.76e-06,0.0,2.065e-05,0.0,0.0,0.0,0.0,0.0,0.0,6.342e-05,0.0,0.0003918,0.0,0.00143817,7.306e-05,3.781e-05,0.0,0.0,1.24e-06,0.0,9.68e-06,1.832e-05,0.0,0.0,2.314e-05,0.00201425,0.00021975,0.00028211,0.0,0.0,4.562e-05,0.00019773,0.0,0.0,1.429e-05,0.0,0.0050737,0.0,0.0,0.0,0.0,0.00084283,0.0,0.0,7.037e-05,0.0,0.0,4.74e-06,7.867e-05,0.00193949,5.92e-06,7.704e-05,0.0,0.0,6.974e-05,0.0,4.227e-05
Zoner,2.267e-05,0.00148702,0.0,0.0,0.0,7.127e-05,0.0,0.0,0.0,0.0,0.0,4.42e-05,0.0,0.00184783,1.0,0.0,0.0,0.00032945,0.0,3.18e-06,0.0,0.0,0.00082201,0.0,0.0,0.0,0.0,0.0,0.0,0.0,7.209e-05,1.07e-05,3.057e-05,0.0,0.0,0.00026251,0.00083518,0.0,0.0,0.0,0.00056717,0.0,0.0,0.0,0.0,0.00329608,0.0,0.0,0.0,0.0,0.0,0.0,0.00021317,3.548e-05,0.0,0.0,0.00011469,0.00445952,5.58e-06,0.00188532,0.0,0.0,7.324e-05,0.0,0.0,0.0,0.0,0.0,0.0,0.0,0.0,5.179e-05,0.0,3.696e-05,0.0,0.00012394,0.0,0.0,7.144e-05,0.0,0.0,0.0,0.0001438,0.0,0.00084831,0.0,1.56e-06,4.576e-05,0.00087747,2.275e-05,0.0,0.0,0.0,0.0,5.773e-05,0.0,0.0,0.0,0.0010101,0.00012388,0.00014765,0.0,0.0,4.472e-05,0.00058453,0.0,0.0,0.0,0.0,0.00599605,0.0,0.0,0.0,0.0,0.00054663,0.0,0.0,5.037e-05,0.0,0.0,7.68e-06,4.692e-05,0.00121212,0.0,4.703e-05,0.0,0.0,4.985e-05,0.0,5.91e-06
McAfee,3.5e-07,0.0,0.0,0.0,3.5e-07,0.0,0.0,0.0,0.0,0.0,0.0,0.0,5.03e-06,0.0,0.0,1.0,0.0,0.0,0.0,0.0,0.0,0.0,5.93e-06,3.2e-07,0.0,3.5e-07,3.4e-07,1.04e-06,0.0,0.0,0.0,0.28544124,0.0,5.72e-06,0.0,0.0,8.01e-06,3.896e-05,1.141e-05,0.0,0.0,4.18e-06,0.0,0.0,0.0035417,0.0,0.0,0.0,3.5e-07,0.0,0.0,1.897e-05,0.0,0.0,0.00011782,0.0,0.0,1.73e-06,6.6e-07,0.0,0.0,0.0,0.0,0.0,0.0,0.0,0.0,0.0,0.0,0.0,0.0,0.0,7.3e-06,0.0,3.5e-07,0.0,0.0,0.0,0.0,0.0,0.0,0.0,0.0,0.0,6.63e-06,0.0,2.9e-07,0.0,7e-07,0.0,0.0,0.0,0.0,7.15e-06,0.0,0.0,0.0,3.4e-07,4.52e-06,0.0,3.19e-06,0.0,0.0,0.0,0.0,3.5e-07,0.0,3.28e-06,0.0,3.5e-07,0.0,0.0,1.169e-05,0.0,7e-07,0.0,0.0,5.9e-07,0.0,0.0,0.0,0.0,0.0,3.41e-06,0.0,0.0,0.0,0.0,3.5e-07,0.0
Invincea,0.0,0.0,0.0,0.0,0.0,0.0,0.0,0.0,0.0,0.0,0.0,0.0,0.0,0.0,0.0,0.0,1.0,0.0,0.0,0.0,0.0,0.0,6.398e-05,0.0,0.0,0.0,0.0,0.0,0.0,0.0,0.0,0.0,0.0,0.0,0.0,0.0,0.0,0.0,0.0,5.97e-06,0.0,0.0,0.0,0.0,0.0,0.0,0.0,0.0,0.0,0.0,0.0,0.0,0.0,0.0,0.0,0.0,0.0,0.0,0.0,0.0,0.0,0.0,0.0,0.0,0.0,0.0,0.0,0.0,0.0,0.0,0.0,0.0,0.0,0.0,0.0,0.0,0.0,0.0,0.0,0.0,0.0,0.0,0.0,0.0,0.0,0.0,0.0,0.0,0.0,0.0,0.0,0.0,0.0,0.0,0.0,0.0,0.0,0.0,0.0,0.0,0.0,0.0,0.00272603,0.0,0.0,0.0,0.0,0.0,0.0,0.0,0.0,0.0,0.06774324,0.0,0.00026704,0.0,0.0,0.0,0.0,0.0,0.0,0.0,0.0,0.0,0.0,0.0,0.0,0.0,0.0,0.0
SecureWeb-Gateway,0.0,0.0,0.0,0.0,0.0,0.0,0.0,0.0,0.0,0.0,0.0,0.0,0.0,0.0002921,0.00032945,0.0,0.0,1.0,0.0,9.2e-07,0.0,0.0,0.00147493,0.0,0.0,0.0,0.0,0.0,0.0,0.0,0.000757,0.00038844,1.168e-05,0.0,0.0,0.0002817,0.00113995,0.0,0.0,0.0,0.0006402,0.0,0.0,0.0,0.0,0.00216888,0.0,0.0,0.0,0.0,0.0,0.0,0.0019698,0.0,0.0,0.0,5.613e-05,0.0007586,0.0,7.508e-05,0.0,0.0,3.778e-05,0.0,0.0,0.00056106,0.0,0.0,0.0,0.0,0.0,0.0,0.0,5.269e-05,0.0,0.0,0.0,0.0,0.0,0.0,0.0,0.0,0.0,0.0,0.00396699,0.0,3.17e-06,2.944e-05,0.00271783,0.0,5.53e-06,0.0,0.0,0.0,2.563e-05,0.0,0.0,0.0,0.00012356,4.483e-05,7.35e-06,0.0,0.0,2.897e-05,0.0744921,0.0,0.0,0.0,0.0,0.00034333,0.0,0.0,0.0,0.0,0.00053386,0.0,0.0,3.376e-05,0.0,0.0,0.0,4.033e-05,0.0034632,0.0,3.402e-05,0.0,0.0,3.34e-05,0.0,9.04e-06
TACHYON,0.0,0.0,0.0,0.0,0.0,0.0,0.0,0.0,0.0,0.0,0.0,0.0,0.0,0.0,0.0,0.0,0.0,0.0,1.0,0.0,0.0,0.0,0.0,0.0,0.0,0.0,0.0,0.0,0.0,0.0,0.0,0.0,0.0,0.0,0.0,0.0,0.0,0.0,0.0,0.0,0.0,0.0,0.0,0.0,0.0,0.0,0.0,0.0,0.0,0.0,0.0,0.0,0.0,0.0,0.0,0.0,0.0,0.0,0.0,0.0,0.0,0.0,0.0,0.0,0.0,0.0,0.0,0.0,0.0,0.0,0.0,0.0,0.0,0.0,0.0,0.0,0.0,0.0,0.0,0.0,0.0,0.0,0.0,0.0,0.0,0.0,0.0,0.0,0.0,0.0,0.0,0.0,0.0,0.0,0.0,0.0,0.0,0.0,0.0,0.0,0.0,0.0,0.0,0.0565475,0.0,0.0,0.0,0.0,0.0,0.0,0.0,0.0,0.0,0.0,0.0,0.0,0.0,0.0,0.0,0.0,0.0,0.0,0.0,0.0,0.0,0.0,0.0,0.0,0.0,0.0
FireEye,0.0,0.0,0.0,0.0,0.0,0.0,0.0,0.0,0.0,0.0,0.0,3.98e-06,1.3e-06,1.76e-06,3.18e-06,0.0,0.0,9.2e-07,0.0,1.0,0.0,0.0,1.37e-06,0.0,0.0,0.0,0.0,0.0,0.0,0.0,0.0,1.93e-06,1.32e-06,0.0,0.0,7.11e-06,3.19e-06,0.0,0.0,0.0,0.0,0.0,0.0,0.0,0.0,2.28e-06,0.0,0.0,0.0,0.0,0.0,0.0,0.0,0.0,0.0,0.0,8.28e-06,1.993e-05,4.3e-07,3.09e-06,8.29e-06,0.0,0.00257992,0.0,0.0,0.0,0.0,0.0,0.0,0.0,0.0,1.93e-06,0.0,5.64e-06,0.0,5.717e-05,0.0,0.0,4.6e-07,0.0,0.0,0.0,0.0,0.0,1.919e-05,0.0,3.6e-07,0.01300894,7.74e-06,4.5e-07,0.0,0.0,0.0,4.2e-07,9.29e-06,0.0,0.0,0.0,1.82e-06,0.01184404,0.0,0.0,0.0,0.00048558,2.75e-06,0.0,0.0,1.27e-06,2.74e-06,3.64e-06,4.5e-07,0.0,0.0,0.0,0.0,0.0,0.0,0.00137394,0.0,0.0,0.0,0.01261826,4.6e-07,4.4e-07,0.00990834,5.04e-06,0.0,0.01261381,0.0,0.0
CrowdStrike,0.0,0.0,0.0,0.0,0.0,0.0,0.0,0.0,0.0,0.0,0.0,0.0,0.0,0.0,0.0,0.0,0.0,0.0,0.0,0.0,1.0,0.0,0.0,0.0,0.0,0.0,0.0,0.0,0.0,0.0,0.0,0.0,0.0,0.0,0.0,0.0,0.0,0.0,0.0,0.0,0.0,0.0,0.0,0.0,0.0,0.0,0.0,0.0,0.0,0.0,0.0,0.0,0.0,0.0,0.0,0.0,0.0,0.0,0.0,0.0,0.0,0.0,0.0,0.0,0.0,0.0,0.0,0.0,0.0,0.0,0.0,0.0,0.0,0.0,0.0,0.0,0.0,0.0,0.0,0.0,0.0,0.0,0.0,0.0,0.0,0.0,0.0,0.0,0.0,0.0,0.0,0.0,0.0,0.0,0.0,0.0,0.0,0.0,0.0,0.0,0.0,0.0,0.0,0.0,0.0,0.0,0.0,0.0,0.0,0.0,0.0,0.0,0.0,0.0,0.0,0.0,0.0,0.0,0.0,0.0,0.0,0.0,0.0,0.0,0.0,0.0,0.0,0.0,0.0,0.0
NOD32Beta,0.09527582,0.0,0.0,0.0,0.0,0.0,0.0,0.0,0.0,0.0,0.0,0.0,0.0,1.026e-05,0.0,0.0,0.0,0.0,0.0,0.0,0.0,1.0,0.0,8.306e-05,0.0,0.0,0.0,0.0,0.0,0.11697497,0.0,0.0,0.0,7.646e-05,0.0,0.0,0.0,6.87e-06,1.621e-05,0.0,0.0,0.0,0.0,0.00032895,0.0,0.0,0.0,0.0,0.0,0.0,0.0,0.0,0.0,0.0,0.0,0.00125036,0.0,0.0,0.01300795,0.0,0.0,0.0,0.0,0.0,0.0,0.0,0.0,0.0,0.0,0.0,0.0,0.0,0.0,0.0,0.0,0.0,0.0,0.0,0.0,0.0,0.0,0.0,0.0,0.0,0.0,0.0,6.33e-06,0.0,0.0,0.0,0.0,0.0,0.0,0.0,0.0,0.0,0.0,0.0,0.0,0.0,0.0,0.0,0.0,0.0,0.0,0.0,0.0001212,5.31e-06,0.0,0.0,0.00057548,0.0,0.0,0.0,0.0,0.0,0.0,0.0,0.0,0.0,0.0,0.0,0.0,0.0,0.0,0.0,0.0,0.0,0.0,0.0
AVware,0.0,0.00191268,0.0,0.0,0.0,0.0,0.00012103,0.0,0.0,0.0,0.0,4.814e-05,0.0,0.00030581,0.00082201,5.93e-06,6.398e-05,0.00147493,0.0,1.37e-06,0.0,0.0,1.0,0.0,0.0,0.0,0.0,0.0,0.0,0.0,0.0,3.127e-05,1.098e-05,2.4e-05,0.0,1.37e-05,0.65377478,0.0,0.0,0.0,0.00098982,0.0,0.0,0.0,6.583e-05,0.00484379,0.0,0.0,0.0,0.0,0.0,0.0,0.00028409,4.73e-05,0.0,0.0,4.22e-06,0.00450007,0.0,0.00162968,0.0,0.00027108,1.987e-05,0.0,0.00039701,0.0,0.0,0.0,0.0,0.0,0.0,3.59e-05,0.0,0.0,0.0,0.0003296,0.0,0.0,0.00100604,0.0,0.0,0.0,0.0,0.0,0.08482184,0.0,1.57e-06,2.23e-05,5.537e-05,0.0,0.0,0.0,0.0,0.0,1.95e-06,0.0,0.0,0.0004052,0.00500069,5.293e-05,2.523e-05,0.0,0.0,2.281e-05,0.00131563,0.0,0.0,0.0,0.00042355,0.00235356,0.0,0.0,0.00092912,0.0,0.00071646,0.0,0.0,0.00011197,0.0,0.0,0.0,2.519e-05,0.00115016,0.0,4.293e-05,0.0,0.0,2.527e-05,0.0,8.96e-06
AhnLab-V3,0.00020699,0.0,0.0,0.0,0.0,0.0,0.0,0.00319039,0.0,0.0,0.0,0.0,5.76e-06,0.0,0.0,3.2e-07,0.0,0.0,0.0,0.0,0.0,8.306e-05,0.0,1.0,0.0,4.43e-06,2.96e-06,4.19e-06,0.0,3.964e-05,0.0,8.7e-07,0.0,0.00013513,0.0,3.42e-06,0.0,0.0,0.0,0.0,0.0,0.0,0.0,1.328e-05,0.0,8.64e-06,0.0,0.0,0.0,0.0,0.0,0.0,0.0,0.0,0.0,0.00019543,2.19e-06,0.0,0.00029143,0.0,0.0,0.0,0.0,0.0,0.0,0.0,6.638e-05,0.0,0.0,0.0,0.0,0.0,0.0,0.0,0.0,0.0,0.0,0.0,0.0,0.0,0.0,0.0,0.0,0.0,4.33e-06,0.0,5.382e-05,0.0,0.0,0.0,0.0,0.0,0.0,0.0,1.37e-06,0.0,0.0,2.88e-06,0.0,0.0,0.0,0.0,0.0,0.0,0.0,0.0,1.893e-05,2.43e-06,0.0,0.0,0.00036178,0.0,0.0,0.0,2.545e-05,0.0,0.0,1.37e-06,0.0,0.0,0.0,0.0,0.0,6.66e-06,0.0,0.0,0.0,0.0,0.0,0.0
Baidu,0.0,6.959e-05,0.0,0.0,0.0,0.0,0.00021455,0.00016131,0.0,0.0,0.0,0.0,0.0,3.977e-05,0.0,0.0,0.0,0.0,0.0,0.0,0.0,0.0,0.0,0.0,1.0,0.0,1.687e-05,0.0,0.0,0.0,0.0,0.0,1.108e-05,0.0,0.00013044,0.0,0.00018622,0.0,0.0,0.0,0.0,0.0,0.0,0.0,0.0,0.0,0.0,0.0,0.0,0.0,0.0,0.0,0.0,0.0,0.0,0.0,0.0,0.00023526,0.0,0.00015367,0.0,9.767e-05,0.0,0.0,9.708e-05,0.0,0.0,0.0,0.0,0.0,0.0,1.439e-05,0.0,0.0,0.0,0.0,0.0,0.0,0.00016276,0.0,0.0,0.0,0.0,0.0,0.00036301,0.0,0.0,0.0,0.0,0.0,0.0,0.0,0.0,0.0,0.0,0.0,0.0,3.92e-05,0.0,0.0,0.0,0.0,0.0,0.0,0.0,0.0,0.0,0.0,0.0,0.0,0.0,0.0,1.812e-05,0.0,0.0,0.0,0.0,1.771e-05,0.0,0.0,0.0,0.0,0.0,0.0,6.14e-06,0.0,0.0,0.0,0.0,0.0
AhnLab,0.0,0.0,0.0,0.0,0.0,0.0,0.0,0.0,0.0,0.0,0.0,0.0,8.25e-06,0.0,0.0,3.5e-07,0.0,0.0,0.0,0.0,0.0,0.0,0.0,4.43e-06,0.0,1.0,0.0,0.0,0.0,0.0,0.0,1.09e-06,0.0,3.51e-06,0.0,0.0,0.0,0.0,0.0,0.0,0.0,3.98e-06,0.0,0.0,0.0,0.00017803,0.0,0.0,0.0,0.0,0.0,0.0,0.0,0.0,0.0,0.0,0.0,0.0,0.0,0.0,0.0,0.0,0.0,0.0,0.0,0.0,0.0,0.0,0.0,0.0,0.0,0.0,0.0,0.0,0.0,0.0,0.0,0.0,0.0,0.0,0.0,0.0,0.0,0.0,0.00019948,0.0,0.0,0.0,0.0,0.0,0.0,0.0,0.0,0.0,0.0,0.0,0.0,0.0,0.00013446,0.0,0.0,0.0,0.0,0.0,0.0,0.0,0.0,5.39e-06,0.0,6.185e-05,0.0,0.0,2.033e-05,0.0,0.00010069,0.0,0.0,0.0,0.0,0.0,0.0,0.0,0.0,0.0,0.0,0.0,0.0,0.0,0.0,0.0
K7GW,0.0,8.27e-06,0.0,0.0,0.0,0.0,0.0,0.0,0.0,0.0,0.0,0.0,4.28e-06,0.0,0.0,3.4e-07,0.0,0.0,0.0,0.0,0.0,0.0,0.0,2.96e-06,1.687e-05,0.0,1.0,7.97e-06,0.0,0.0,0.0,9.7e-07,0.0,5.03e-06,0.0,0.0,0.0,0.0,0.0,0.0,0.0,1.1e-05,0.0,0.0,0.0,8.47e-06,0.0,0.0,0.0,0.0,0.0,0.0,1.774e-05,0.0,0.0,0.0,0.0,4.404e-05,0.0,0.0,0.0,1.9e-06,0.0,0.0,3.31e-06,0.0,0.0,0.0,0.0,0.0,0.0,0.0,0.0,0.0,0.0,0.0,0.0,0.0,8.88e-06,0.0,0.0,0.0,0.0,0.0,8.51e-06,0.0,0.0,0.0,0.0,0.0,0.0,0.0,0.0,0.0,0.0,0.0,0.0,0.77065587,7.85e-06,0.0,0.0,0.0,0.0,0.0,0.0,0.0,0.0,3.36e-06,0.0,0.0,0.0,0.0,0.0,0.0,8.17e-06,0.0,0.0,1.63e-06,0.0,0.0,0.0,0.0,0.0,5.35e-06,0.0,0.0,0.0,0.0,0.0,0.0
Authentium,0.0,0.0,0.0,0.0,0.03836579,0.0,0.0,0.0,0.0,0.0,0.0,0.0,0.10458642,0.0,0.0,1.04e-06,0.0,0.0,0.0,0.0,0.0,0.0,0.0,4.19e-06,0.0,0.0,7.97e-06,1.0,0.0,0.0,0.0,2.14e-06,0.0,3.36e-06,0.0,0.0,0.0,7.719e-05,0.00022496,0.0,0.0,0.00022337,0.0,0.0,5.481e-05,5.39e-05,0.0,0.0,7.714e-05,0.00030857,1.111e-05,0.00031327,0.0,0.0,0.0,3.619e-05,0.0,2.726e-05,5.61e-06,0.0,0.0,0.0,0.0,0.0,0.0,0.0,0.0,0.0,0.0,0.0,7.702e-05,0.0,0.00089044,0.0,0.00058106,0.0,0.0,0.0,0.0,0.0,0.0,0.0,0.0,0.0,5.571e-05,0.0,0.0,0.0,0.0,0.0,0.0,0.0,0.0,0.00011392,0.0,0.0,0.01211513,7.44e-06,0.0,0.0,7.05e-06,0.0,0.0,0.0,0.0,0.0,0.0,0.00907958,0.0,0.0,1.447e-05,0.0,0.0,0.0,4.373e-05,0.0,0.0,2.329e-05,0.0,0.0,0.0,0.0,0.0,0.04225436,0.0,0.0,0.0,0.0,0.00083013,0.0
Cynet,0.0,0.0,0.0,0.0,0.0,0.0,0.0,0.0,0.0,0.0,0.0,0.0,0.0,0.0,0.0,0.0,0.0,0.0,0.0,0.0,0.0,0.0,0.0,0.0,0.0,0.0,0.0,0.0,1.0,0.0,0.0,0.0,0.0,0.0,0.0,0.0,0.0,0.0,0.0,0.0,0.0,0.0,0.0,0.0,0.0,0.0,0.0,0.0,0.0,0.0,0.0,0.0,0.0,0.0,0.0,0.0,0.0,0.0,0.0,0.0,0.0,0.0,0.0,0.0,0.0,0.0,0.0,0.0,0.0,0.0,0.0,0.0,0.0,0.0,0.0,0.0,0.0,0.0,0.0,0.0,0.0,0.0,0.0,0.0,0.0,0.0,0.0,0.0,0.0,0.0,0.0,0.0,0.0,0.0,0.0,0.0,0.0,0.0,0.0,0.0,0.0,0.0,0.0,0.0,0.0,0.0,0.0,0.0,0.0,0.0,0.0,0.0,0.0,0.0,0.0,0.0,0.0,0.0,0.0,0.0,0.0,0.0,0.0,0.0,0.0,0.0,0.0,0.0,0.0,0.0
NOD32v2,0.02257424,0.0,0.0,0.0,0.0,0.0,0.0,0.0,0.0,0.0,0.0,0.0,0.0,1.044e-05,0.0,0.0,0.0,0.0,0.0,0.0,0.0,0.11697497,0.0,3.964e-05,0.0,0.0,0.0,0.0,0.0,1.0,0.0,0.0,0.0,4.895e-05,0.0,0.0,0.0,1.392e-05,1.644e-05,0.0,0.0,0.0,0.0,0.00076923,0.0,0.0,0.0,0.0,0.0,0.0,0.0,5.03e-06,0.0,0.0,0.0,0.00126127,0.0,0.0,0.00550339,0.0,0.0,0.0,0.0,0.0,0.0,0.0,0.0,0.0,0.0,0.0,0.0,0.0,0.0,0.0,0.0,0.0,0.0,0.0,0.0,0.0,0.0,0.0,0.0,0.0,0.0,0.0,3.17e-06,0.0,0.0,0.0,0.0,0.0,0.0,0.0,0.0,0.0,0.0,0.0,0.0,0.0,0.0,0.0,0.0,0.0,0.0,0.0,0.00010123,0.0,0.0,0.0,0.00038359,0.0,0.0,0.0,0.0,0.0,0.0,0.0,0.0,0.0,0.0,0.0,0.0,0.0,0.0,0.0,0.0,0.0,0.0,0.0
VIRobot,0.0,0.0,0.0,0.0,0.0,0.0,4.15e-06,0.0,0.0,0.0,0.0,0.0,0.0,0.0,7.209e-05,0.0,0.0,0.000757,0.0,0.0,0.0,0.0,0.0,0.0,0.0,0.0,0.0,0.0,0.0,0.0,1.0,1.09e-06,0.0,0.0,0.0,1.512e-05,0.0,0.0,0.0,0.0,0.0,0.0,0.0,0.0,4.245e-05,0.0,0.0,0.0,0.07142857,0.0,0.0,1.011e-05,0.0,0.0,0.0,0.0,0.0,0.0,0.0,0.0,0.0,0.0,0.0,0.0,0.0,0.0,0.0,0.0,0.0,0.0,0.0,0.0,0.0,6.34e-06,0.0,0.0,0.0,0.0,0.0,0.0,0.0,0.0,0.0,0.0,0.0,0.0,0.0,0.0,8.902e-05,0.0,0.0,0.0,0.0,0.0,0.0,0.0,0.0,0.0,0.0,0.0,0.0,0.0,0.0,2.91e-06,0.00064725,0.0,0.0,0.0,0.0,0.0,0.0,0.0,0.0,0.0,0.0,0.0,0.0,0.0,0.0,0.0,0.0,0.0,0.0,0.0,0.0,0.0,0.0,0.0,0.0,0.0
McAfee-GW-Edition,1.05e-06,1.08e-06,0.0,0.0,1.08e-06,0.0,0.0,0.0,0.0,0.0,0.0,1.6e-06,7.68e-06,0.00046414,1.07e-05,0.28544124,0.0,0.00038844,0.0,1.93e-06,0.0,0.0,3.127e-05,8.7e-07,0.0,1.09e-06,9.7e-07,2.14e-06,0.0,0.0,1.09e-06,1.0,1e-06,1.493e-05,0.0,2.229e-05,3.975e-05,7.713e-05,2.593e-05,0.0,1.09e-06,7.68e-06,0.0,0.0,0.00263763,2.051e-05,0.0,0.0,0.0,0.0,1e-06,4.023e-05,3.26e-06,0.0,0.0002802,0.0,1.825e-05,4.13e-05,9.2e-07,1.601e-05,0.0,0.0,2.659e-05,0.0,0.0,0.0,0.0,0.0,0.0,0.0,0.0,7.5e-07,1.386e-05,1.865e-05,0.0,3.25e-06,0.0,0.0,0.0,0.0,0.0,0.0,0.0,0.0,5.726e-05,0.0,1.033e-05,3.207e-05,5.151e-05,1.05e-06,0.0,0.0,0.0,1.761e-05,1.332e-05,0.0,0.0,9.6e-07,1.603e-05,2.711e-05,5.88e-06,0.0,0.0,2.451e-05,0.00029286,1.09e-06,0.0,6.33e-06,0.0,1.281e-05,0.0,0.0,3.093e-05,0.0,9.67e-06,0.0,0.0,3.795e-05,0.0,0.0,0.0,5.665e-05,5.42e-06,5.03e-06,5.428e-05,0.0,0.0,2.94e-05,1.09e-06,2.53e-06
MaxSecure,0.0,3.239e-05,0.0,0.0,0.0,0.0,2.766e-05,0.0,0.0,0.0,0.0,0.0,0.0,0.00053706,3.057e-05,0.0,0.0,1.168e-05,0.0,1.32e-06,0.0,0.0,1.098e-05,0.0,1.108e-05,0.0,0.0,0.0,0.0,0.0,0.0,1e-06,1.0,5.42e-06,2.74e-06,6.65e-06,2.119e-05,0.0,0.0,0.0,1.183e-05,0.0,0.0,0.0,0.0,5.563e-05,0.0,0.0,0.0,0.0,0.0,0.0,0.0,1.638e-05,0.0,0.0,3.18e-06,0.00013887,0.0,0.00073115,0.0,0.00014256,1.042e-05,0.0,0.00024459,0.0,0.0,1.1e-06,0.0,0.0,0.0,6.06e-06,0.0,0.0,0.0,0.0,0.0,0.0,0.0,0.0,0.0,0.0,0.0,0.0,3.36e-05,0.0,9.82e-06,1.514e-05,0.0,0.0,0.0,0.0,0.0,0.0,1.69e-06,0.0,0.0,1.458e-05,1.009e-05,1.676e-05,5.64e-06,0.0,0.0,1.168e-05,1.165e-05,0.0,0.0,0.0,0.0,0.00014936,0.0,0.0,0.0,0.0,3.185e-05,0.0,0.0,1.534e-05,0.0,0.0,0.0,1.329e-05,5.863e-05,0.0,1.508e-05,0.0,0.0,1.52e-05,0.0,0.0
AVG,0.00027619,3.41e-06,0.0,0.0,0.0,0.0,0.0,0.0,0.0,0.0,0.0,3.441e-05,1.478e-05,1.581e-05,0.0,5.72e-06,0.0,0.0,0.0,0.0,0.0,7.646e-05,2.4e-05,0.00013513,0.0,3.51e-06,5.03e-06,3.36e-06,0.0,4.895e-05,0.0,1.493e-05,5.42e-06,1.0,0.0,0.0,2.712e-05,1.872e-05,4.935e-05,0.0,0.0,0.00022576,0.0,1.053e-05,1.297e-05,3.44e-06,0.0,0.0,0.0,0.0,0.13843531,1.243e-05,4.21e-05,1.824e-05,3.51e-06,0.00016695,0.0,0.00015233,0.00039324,4.127e-05,0.0,0.0,0.0,1.76e-06,0.0,0.0,0.0,0.0,0.0,0.0,0.0,0.0,8.934e-05,0.0,0.0,0.0,0.0,0.0,3.51e-06,0.0,0.0,0.0,0.0,0.00151132,1.38e-05,0.0,4.159e-05,0.0,3.38e-06,0.0,0.0,0.0,0.0,8e-06,1.26e-06,0.0,0.0,4.92e-06,1.001e-05,0.0,1.8e-06,0.0,0.0,1.59e-06,0.0,0.0,1.857e-05,1.489e-05,0.0,3.32e-06,0.00029331,0.0,5.389e-05,0.0,6.79e-06,0.0,0.00819669,2.54e-06,0.0,0.0,0.0,1.05e-06,7e-06,8.35e-06,0.00012902,0.0,0.0,0.0,0.0,0.0
Tencent,0.0,0.0,0.0,0.0,0.0,0.0,0.00025378,6.02e-06,0.0,0.0,0.0,0.0,0.0,8.1e-06,0.0,0.0,0.0,0.0,0.0,0.0,0.0,0.0,0.0,0.0,0.00013044,0.0,0.0,0.0,0.0,0.0,0.0,0.0,2.74e-06,0.0,1.0,0.0,9.15e-06,0.0,0.0,0.0,0.0,0.0,0.0,0.0,0.0,0.0,0.0,0.0,0.0,0.0,0.0,0.0,0.0,0.0,0.0,0.0,0.0,4.929e-05,0.0,9.389e-05,0.0,0.00034177,9.6e-07,0.0,0.0003173,0.0,0.0,0.0,0.0,0.0,0.0,7.57e-06,0.0,0.0,0.0,0.0,0.0,0.0,1.55e-06,1.54e-06,0.0,0.0,0.0,0.0,2.459e-05,0.0,1.02e-05,8.2e-07,1.674e-05,0.0,0.0,0.0,1.55e-06,0.0,0.0,0.0,0.0,3.649e-05,0.0,1.02e-06,0.0,0.0,0.0,1.01e-06,0.0,0.0,0.0,0.0,1.851e-05,0.0,0.0,0.0,0.0,0.0,0.0,0.0,0.0,4.007e-05,0.0,0.0,0.0,7.6e-07,0.0,0.0,2.014e-05,0.0,0.0,8.7e-07,0.0,5.657e-05
VirusBuster,1.037e-05,0.0,0.0,0.0,0.0,0.0,0.0,0.0,0.0,0.0,0.0,2.808e-05,0.0,6.222e-05,0.00026251,0.0,0.0,0.0002817,0.0,7.11e-06,0.0,0.0,1.37e-05,3.42e-06,0.0,0.0,0.0,0.0,0.0,0.0,1.512e-05,2.229e-05,6.65e-06,0.0,0.0,1.0,2.623e-05,0.0,0.0,0.0,3.012e-05,0.0,0.0,0.0,0.0,0.01979452,0.0,0.0,0.0,0.0,0.0,0.0,1.507e-05,0.0,0.0,0.0,0.04545759,0.00016688,4.32e-06,8.291e-05,0.0,2.08e-06,0.00012991,0.0,0.0,0.0,0.0,0.0,0.0,0.0,0.0,1.886e-05,0.0,7.602e-05,0.0,7.308e-05,0.0,0.0,1.509e-05,0.0,0.0,0.0,1.511e-05,0.0,4.216e-05,0.0,0.0,0.00011834,0.00036199,2.078e-05,0.0,0.0,0.0,0.0,0.02156274,0.0,0.0,0.0,3.703e-05,0.00014523,2.969e-05,0.0,0.0,0.00013415,0.0002512,0.0,0.0,0.0,0.0,0.00027949,0.0,0.0,0.0,0.0,7.887e-05,0.0,0.0,0.00014603,0.0,0.0,0.0,0.00014983,0.0,0.0,0.00014057,0.0,0.0,0.00011503,0.0,8.23e-06
VIPRE,0.0,0.00168213,0.0,0.0,0.0,0.0,0.00030267,0.0,0.0,0.0,0.0,6.853e-05,0.0,0.00035362,0.00083518,8.01e-06,0.0,0.00113995,0.0,3.19e-06,0.0,0.0,0.65377478,0.0,0.00018622,0.0,0.0,0.0,0.0,0.0,0.0,3.975e-05,2.119e-05,2.712e-05,9.15e-06,2.623e-05,1.0,0.0,0.0,0.0,0.00067692,3.83e-06,0.0,0.0,8.915e-05,0.00479509,0.0,0.0,0.0,0.0,0.0,0.0,0.00019401,5.506e-05,9.581e-05,0.0,8.32e-06,0.00720067,0.0,0.00286044,0.0,0.00108393,8.624e-05,0.0,0.00142334,0.0,0.0,0.0,0.0,0.0,0.0,5.7e-05,0.0,0.0,0.0,0.00040424,0.0,0.0,0.00107601,0.0,0.0,0.0,0.0,0.0,0.08213391,0.0,1.56e-06,8.7e-05,4.689e-05,0.0,0.0,0.0,9.73e-05,0.0,3.88e-06,0.0,0.0,0.00069169,0.00644797,0.00011941,3.206e-05,0.0,0.0,9.606e-05,0.00111799,0.0,0.0,0.0,0.00039333,0.00232771,0.0,0.0,0.00109755,0.0,0.00069944,0.0,0.0,0.00029478,0.0,0.0,0.0,9.142e-05,0.00090147,0.0,0.0001297,0.0,0.0,9.657e-05,0.0,3.122e-05
TheHacker,1.158e-05,0.0,0.0,0.0,6.96e-06,0.0,0.0,6.2e-06,0.0,0.0,0.0,2.14e-06,0.00011378,0.0,0.0,3.896e-05,0.0,0.0,0.0,0.0,0.0,6.87e-06,0.0,0.0,0.0,0.0,0.0,7.719e-05,0.0,1.392e-05,0.0,7.713e-05,0.0,1.872e-05,0.0,0.0,0.0,1.0,8.747e-05,0.0,0.0,5.841e-05,0.0,0.0,0.0002168,0.0,0.0,0.0,0.0,0.0,0.0,0.00016163,0.0,0.0,9.1e-05,0.0,0.0,6.01e-06,6.49e-06,4.52e-06,0.0,0.0,0.0,0.0,0.0,0.0,0.0,0.0,0.0,0.0,7.01e-06,0.0,0.00021888,0.0,4.185e-05,0.0,0.0,0.0,0.0,0.0,0.0,0.0,0.0,0.0,0.0,0.0,0.00364537,0.0,0.0,0.0,0.0,0.0,0.0,5.589e-05,0.0,0.0,0.0,0.0,0.0,0.0,0.0,0.0,0.0,0.0,0.0,7.01e-06,0.0,5.184e-05,0.0,0.0,0.0,0.0,1.043e-05,0.0,0.0,0.0,0.0,1.241e-05,0.0,0.0,3.86e-06,0.0,0.0,0.00010611,0.0,0.0,0.0,0.0,5.6e-05,0.0
AntiVir,1.991e-05,7.76e-06,0.0,0.0,7.397e-05,0.0,0.0,0.0,0.0,0.0,0.0,0.0,0.00053007,1.395e-05,0.0,1.141e-05,0.0,0.0,0.0,0.0,0.0,1.621e-05,0.0,0.0,0.0,0.0,0.0,0.00022496,0.0,1.644e-05,0.0,2.593e-05,0.0,4.935e-05,0.0,0.0,0.0,8.747e-05,1.0,0.0,0.0,0.00022066,0.0,0.0,8.334e-05,0.0,0.0,0.0,8.3e-06,8.3e-06,0.0,0.0006131,0.0,0.0,4.14e-05,0.0,0.0,0.0,1.399e-05,0.0,0.0,0.0,0.0,0.0,0.0,0.0,0.0,0.0,0.0,0.0,1.66e-05,0.0,0.00064602,0.0,9.895e-05,0.0,0.0,0.0,0.0,0.0,0.0,0.0,0.0,0.0,2.391e-05,0.0,2.936e-05,0.0,0.0,0.0,0.0,0.0,0.0,0.04864672,0.0,0.0,2.487e-05,0.0,0.0,0.0,7.67e-06,0.0,0.0,0.0,0.0,0.0010129,0.0,0.00028123,0.0,0.0,5.66e-06,0.0,7.664e-05,0.0,1.534e-05,0.0,0.0,4.015e-05,0.0,0.0,5.069e-05,0.0,0.0,0.000555,0.0,0.0,0.0,0.0,0.00015735,0.0
TrendMicro,0.0,0.0,0.0,0.71432976,0.0,0.0,2.501e-05,0.0,0.0,0.0,0.0,0.0,0.0,0.0,0.0,0.0,5.97e-06,0.0,0.0,0.0,0.0,0.0,0.0,0.0,0.0,0.0,0.0,0.0,0.0,0.0,0.0,0.0,0.0,0.0,0.0,0.0,0.0,0.0,0.0,1.0,0.0,0.0,0.0,0.0,0.0,0.0,0.0,0.0,0.0,0.0,0.0,1.682e-05,6.29e-06,0.0,0.0,0.0,0.0,1.095e-05,0.0,0.0,0.0,0.0,0.0,0.0,0.0,0.0,0.0,0.0,0.0,0.0,0.0,0.0,0.0,0.0,0.0,0.0,0.0,0.0,0.0,0.0,0.0,0.0,0.0,0.0,0.0,0.0,0.0,0.0,0.0,0.0,0.0,0.0,0.0,0.0,0.0,0.0,0.0,0.0,0.0,0.0,0.0,0.0,0.0,0.0,0.0,0.0,0.0,0.0,0.0,0.0,0.0,0.0,4.81e-06,0.0,5.93e-06,0.0,0.0,0.0,0.0,0.0,0.0,0.0,0.0,0.0,0.0,0.0,0.0,0.0,6.28e-06,1.22e-06
UNA,0.0,0.00081405,0.0,0.0,0.0,0.0,2.072e-05,0.0,0.0,0.0,0.0,3.07e-06,0.0,0.00016878,0.00056717,0.0,0.0,0.0006402,0.0,0.0,0.0,0.0,0.00098982,0.0,0.0,0.0,0.0,0.0,0.0,0.0,0.0,1.09e-06,1.183e-05,0.0,0.0,3.012e-05,0.00067692,0.0,0.0,0.0,1.0,0.0,0.0,0.0,0.0,0.00188002,0.0,0.0,0.0,0.0,0.0,0.0,0.0043956,0.0,0.0,0.0,8.68e-06,0.00066722,0.0,0.00022834,0.0,7.25e-06,2.53e-06,0.0,5.26e-06,0.0,0.0,0.0,0.0,0.0,0.0,2.43e-06,0.0,2.11e-06,0.0,0.0,0.0,0.0,0.00529101,0.0,0.0,0.0,0.0,0.0,0.00133308,0.0,0.0,1.73e-06,0.00052315,0.0,0.0,0.0,0.0,0.0,3.95e-06,0.0,0.0,2.463e-05,0.0003308,6e-06,3.69e-06,0.0,0.0,2.91e-06,0.00112045,0.0,0.0,0.0,0.0,0.00060964,0.0,0.0,0.0,0.0,0.0,0.0,0.0,5.97e-06,0.0,0.0,0.0,1.5e-06,0.00644641,0.0,1.55e-06,0.0,0.0,1.97e-06,0.0,1.056e-05
Norman,0.0,0.0,0.0,0.0,3.961e-05,0.0,0.0,0.0,0.0,0.0,0.0,0.0,0.0007578,5.78e-06,0.0,4.18e-06,0.0,0.0,0.0,0.0,0.0,0.0,0.0,0.0,0.0,3.98e-06,1.1e-05,0.00022337,0.0,0.0,0.0,7.68e-06,0.0,0.00022576,0.0,0.0,3.83e-06,5.841e-05,0.00022066,0.0,0.0,1.0,0.0,0.0,2.911e-05,3.89e-06,0.0,0.0,0.0,0.0,0.0,0.000401,7.95e-06,0.0,7.95e-06,0.0,0.0,1.818e-05,2.4e-06,6.06e-06,0.0,0.0,1.55e-06,0.0,0.0,0.0,0.0,0.0,0.0,0.0,7.96e-06,0.0,0.00034628,0.0,4.76e-05,0.0,0.0,0.0,3.98e-06,0.0,0.0,0.0,0.0,0.0,7.8e-06,0.0,0.0,0.0,0.0,0.0,0.0,0.0,0.0,0.00018221,0.0,0.0,1.193e-05,1.073e-05,3.76e-06,0.0,1.92e-06,0.0,0.0,0.0,0.0,3.98e-06,0.0,0.00017178,3.94e-06,0.0,0.0,0.0,1.331e-05,0.0,0.0,0.0,0.0,0.00071314,0.0,0.0,0.0,1.09e-06,0.0,0.00042414,1.12e-06,0.0,0.0,0.0,4.77e-05,0.0
Cybereason,0.0,0.0,0.0,0.0,0.0,0.0,0.0,0.0,0.0,0.0,0.0,0.0,0.0,0.0,0.0,0.0,0.0,0.0,0.0,0.0,0.0,0.0,0.0,0.0,0.0,0.0,0.0,0.0,0.0,0.0,0.0,0.0,0.0,0.0,0.0,0.0,0.0,0.0,0.0,0.0,0.0,0.0,1.0,0.0,0.0,0.0,0.0,0.0,0.0,0.0,0.0,0.0,0.0,0.0,0.0,0.0,0.0,0.0,0.0,0.0,0.0,0.0,0.0,0.0,0.0,0.0,0.0,0.0,0.0,0.0,0.0,0.0,0.0,0.0,0.0,0.0,0.0,0.0,0.0,0.0,0.0,0.0,0.0,0.0,0.0,0.0,0.0,0.0,0.0,0.0,0.0,0.0,0.0,0.0,0.0,0.0,0.0,0.0,0.0,0.0,0.0,0.0,0.0,0.0,0.0,0.0,0.0,0.0,0.0,0.0,0.0,0.0,0.0,0.0,0.0,0.0,0.0,0.0,0.0,0.0,0.0,0.0,0.0,0.0,0.0,0.0,0.0,0.0,0.0,0.0
eTrust-InoculateIT,3.293e-05,0.0,0.0,0.0,0.0,0.0,0.0,0.0,0.0,0.0,0.0,0.0,0.0,0.0,0.0,0.0,0.0,0.0,0.0,0.0,0.0,0.00032895,0.0,1.328e-05,0.0,0.0,0.0,0.0,0.0,0.00076923,0.0,0.0,0.0,1.053e-05,0.0,0.0,0.0,0.0,0.0,0.0,0.0,0.0,0.0,1.0,0.0,0.0,0.0,0.0,0.0,0.0,2.591e-05,0.0,0.0,0.0,0.0,0.00060798,0.0,0.0,6.04e-06,0.0,0.0,0.0,0.0,0.0,0.0,0.0,0.0,0.0,0.0,0.0,0.0,0.0,0.0,0.0,0.0,0.0,0.0,0.0,0.0,0.0,0.0,0.0,0.0,0.0,0.0,0.0,0.0,0.0,0.0,0.0,0.0,0.0,0.0,0.0,0.0,0.0,0.0,0.0,0.0,0.0,0.0,0.0,0.0,0.0,0.0,0.0,2.601e-05,0.0,0.0,0.0,0.00014209,0.0,0.0,0.0,0.0,0.0,0.00021342,0.0,0.0,0.0,0.0,0.0,0.0,0.0,1.55e-06,0.0,0.0,0.0,0.0,0.0
McAfee+Artemis,0.0,0.0,0.0,0.0,0.0,0.0,0.0,0.0,0.0,0.0,0.0,0.0,2.073e-05,0.0,0.0,0.0035417,0.0,0.0,0.0,0.0,0.0,0.0,6.583e-05,0.0,0.0,0.0,0.0,5.481e-05,0.0,0.0,4.245e-05,0.00263763,0.0,1.297e-05,0.0,0.0,8.915e-05,0.0002168,8.334e-05,0.0,0.0,2.911e-05,0.0,0.0,1.0,0.0,0.0,0.0,8.484e-05,0.0,0.0,0.00010843,0.0,0.0,0.00959344,0.0,0.0,2.114e-05,0.0,0.0,0.0,0.0,0.0,0.0,0.0,0.0,0.0,0.0,0.0,0.0,0.0,0.0,7.325e-05,0.0,0.0,0.0,0.0,0.0,0.0,0.0,0.0,0.0,0.0,0.0,0.00038526,0.0,0.0,1.67e-06,0.0,0.0,0.0,0.0,0.0,2.931e-05,0.0,0.0,0.0,0.0,2.603e-05,2.8e-06,0.0,0.0,0.0,0.0,0.0,0.0,0.0,1.435e-05,0.0,0.0,0.0,0.0,1.375e-05,0.0,0.0,0.0,0.0,7.61e-06,0.0,0.0,0.0,1.45e-06,0.0,3.067e-05,1.49e-06,0.0,0.0,1.88e-06,4.189e-05,0.0
PCTools,0.0,0.00359092,0.0,0.0,0.0,0.00017298,4.05e-06,0.0,0.0,0.0,0.0,0.00013893,1.578e-05,0.00243143,0.00329608,0.0,0.0,0.00216888,0.0,2.28e-06,0.0,0.0,0.00484379,8.64e-06,0.0,0.00017803,8.47e-06,5.39e-05,0.0,0.0,0.0,2.051e-05,5.563e-05,3.44e-06,0.0,0.01979452,0.00479509,0.0,0.0,0.0,0.00188002,3.89e-06,0.0,0.0,0.0,1.0,0.0,0.0,0.0,0.0,0.0,0.0,0.00206434,2.871e-05,0.0,0.0,0.00216648,0.005341,0.0,0.00265501,0.0,2.38e-06,5.73e-05,0.0,5.12e-06,0.0,0.0,0.0,0.0,0.0,0.0,1.44e-05,0.0,3.133e-05,0.0,0.00038047,0.0,0.0,0.000174,0.0,0.0,0.0,0.00088433,0.0,0.00529801,0.0,9.46e-06,4.297e-05,0.0004752,2.801e-05,0.0,0.0,0.0,0.0,0.00097076,0.0,0.0,2.359e-05,0.02851406,0.00011214,0.00011947,0.0,0.0,5.15e-05,0.00182022,0.0,0.0,5.23e-06,0.0,0.00726045,0.0,0.0,1.825e-05,0.0,0.00135283,0.0,0.0,5.71e-05,0.0,0.0,8.2e-06,5.64e-05,0.00455443,2.504e-05,5.377e-05,0.0,0.0,4.481e-05,0.0,8.98e-06
Endgame,0.0,0.0,0.0,0.0,0.0,0.0,0.0,0.0,0.0,0.0,0.0,0.0,0.0,0.0,0.0,0.0,0.0,0.0,0.0,0.0,0.0,0.0,0.0,0.0,0.0,0.0,0.0,0.0,0.0,0.0,0.0,0.0,0.0,0.0,0.0,0.0,0.0,0.0,0.0,0.0,0.0,0.0,0.0,0.0,0.0,0.0,1.0,0.2,0.0,0.0,0.0,0.0,0.0,0.0,0.0,0.0,0.0,0.0,0.0,0.0,0.0,0.0,0.0,0.0,0.0,0.0,0.0,0.0,0.0,0.0,0.0,0.0,0.0,0.0,0.0,0.0,0.0,0.0,0.0,0.0,0.0,0.0,0.0,0.0,0.0,0.0,0.0,0.0,0.0,0.0,0.0,0.0,0.0,0.0,0.0,0.0,0.0,0.0,0.0,0.0,0.0,0.0,0.0,0.0,0.0,0.0,0.0,0.0,0.0,0.0,0.0,0.0,0.0,0.0,0.0,0.0,0.0,0.0,0.0,0.0,0.0,0.0,0.0,0.0,0.0,0.0,0.0,0.0,0.0,0.0
Elastic,0.0,0.0,0.0,0.0,0.0,0.0,0.0,0.0,0.0,0.0,0.0,0.0,0.0,0.0,0.0,0.0,0.0,0.0,0.0,0.0,0.0,0.0,0.0,0.0,0.0,0.0,0.0,0.0,0.0,0.0,0.0,0.0,0.0,0.0,0.0,0.0,0.0,0.0,0.0,0.0,0.0,0.0,0.0,0.0,0.0,0.0,0.2,1.0,0.0,0.0,0.0,0.0,0.0,0.0,0.0,0.0,0.0,0.0,0.0,0.0,0.0,0.0,0.0,0.0,0.0,0.0,0.0,0.0,0.0,0.0,0.0,0.0,0.0,0.0,0.0,0.0,0.0,0.0,0.0,0.0,0.0,0.0,0.0,0.0,0.0,0.0,0.0,0.0,0.0,0.0,0.0,0.0,0.0,0.0,0.0,0.0,0.0,0.0,0.0,0.0,0.0,0.0,0.0,0.0,0.0,0.0,0.0,0.0,0.0,0.0,0.0,0.0,0.0,0.0,0.0,0.0,0.0,0.0,0.0,0.0,0.0,0.0,0.0,0.0,0.0,0.0,0.0,0.0,0.0,0.0
PandaBeta2,0.0,0.0,0.0,0.0,0.00079051,0.0,0.0,0.0,0.0,0.0,0.0,0.0,8.25e-06,0.0,0.0,3.5e-07,0.0,0.0,0.0,0.0,0.0,0.0,0.0,0.0,0.0,0.0,0.0,7.714e-05,0.0,0.0,0.07142857,0.0,0.0,0.0,0.0,0.0,0.0,0.0,8.3e-06,0.0,0.0,0.0,0.0,0.0,8.484e-05,0.0,0.0,0.0,1.0,0.0,0.0,2.022e-05,0.0,0.0,0.0,0.0,0.0,0.0,0.0,0.0,0.0,0.0,0.0,0.0,0.0,0.0,0.0,0.0,0.0,0.0,0.03030303,0.0,0.00120606,0.0,0.0250298,0.0,0.0,0.0,0.0,0.0,0.0,0.0,0.0,0.0,0.0,0.0,0.0,1.74e-06,0.0,0.0,0.0,0.0,0.0,0.0,0.0,0.0,0.00502513,0.0,0.0,3e-06,0.0,0.0,0.0,0.0,0.0,0.0,0.0,5.39e-06,0.0,0.0,0.0,0.0,0.0,0.0,0.0,0.0,0.0,1.99e-06,0.0,0.0,0.0,1.5e-06,0.0,1.346e-05,1.55e-06,0.0,0.0,1.97e-06,0.00289855,0.0
CyrenCloud,0.0,0.0,0.0,0.0,0.00078864,0.0,0.0,0.0,0.0,0.0,0.0,0.0,0.00011554,0.0,0.0,0.0,0.0,0.0,0.0,0.0,0.0,0.0,0.0,0.0,0.0,0.0,0.0,0.00030857,0.0,0.0,0.0,0.0,0.0,0.0,0.0,0.0,0.0,0.0,8.3e-06,0.0,0.0,0.0,0.0,0.0,0.0,0.0,0.0,0.0,0.0,1.0,0.0,5.05e-06,0.0,0.0,0.0,0.0,0.0,0.0,0.0,0.0,0.0,0.0,0.0,0.0,0.0,0.0,0.0,0.0,0.0,0.0,0.0,0.0,0.0,0.0,0.0,0.0,0.0,0.0,0.0,0.0,0.0,0.0,0.0,0.0,0.0,0.0,0.0,0.0,0.0,0.0,0.0,0.0,0.0,4.64e-06,0.0,0.0,0.0,0.0,0.0,0.0,0.0,0.0,0.0,0.0,0.0,0.0,0.0,8.628e-05,0.0,0.0,0.0,0.0,0.0,0.0,0.0,0.0,0.0,0.0,0.0,0.0,0.0,0.0,0.0,9.424e-05,0.0,0.0,0.0,0.0,0.0,0.0
Avast,0.0,0.0,0.0,0.0,1.277e-05,0.0,0.0,0.0,0.0,0.0,0.0,0.0,5.04e-06,0.0,0.0,0.0,0.0,0.0,0.0,0.0,0.0,0.0,0.0,0.0,0.0,0.0,0.0,1.111e-05,0.0,0.0,0.0,1e-06,0.0,0.13843531,0.0,0.0,0.0,0.0,0.0,0.0,0.0,0.0,0.0,2.591e-05,0.0,0.0,0.0,0.0,0.0,0.0,1.0,0.0,0.0,0.0,0.0,0.0,0.0,0.0,0.0,0.0,0.0,0.0,0.0,2.78e-06,0.0,0.0,0.0,0.0,0.0,0.0,0.0,0.0,0.0,0.0,0.0,0.0,0.0,0.0,0.0,0.0,0.0,0.0,0.0,0.00542453,0.0,0.0,0.0,0.0,0.0,0.0,0.0,0.0,0.0,3.42e-06,1.72e-06,0.0,0.0,0.0,0.0,0.0,0.0,0.0,0.0,0.0,0.0,0.0,0.0,3.81e-06,0.0,0.0,0.0,0.0,3.168e-05,0.0,2.299e-05,0.0,0.11477273,0.0,0.0,0.0,0.0,0.0,0.0,6.61e-06,0.00057756,0.0,0.0,0.0,0.0,0.0
Fortinet,4.824e-05,4.85e-06,5.06e-06,1.322e-05,8.039e-05,0.0,2.28e-06,0.0,0.0,0.0,0.0,1.91e-06,0.00152916,3.42e-06,0.0,1.897e-05,0.0,0.0,0.0,0.0,0.0,0.0,0.0,0.0,0.0,0.0,0.0,0.00031327,0.0,5.03e-06,1.011e-05,4.023e-05,0.0,1.243e-05,0.0,0.0,0.0,0.00016163,0.0006131,1.682e-05,0.0,0.000401,0.0,0.0,0.00010843,0.0,0.0,0.0,2.022e-05,5.05e-06,0.0,1.0,0.0,0.0,2.524e-05,4.71e-06,4.67e-06,9.03e-06,0.00026711,3.62e-06,0.0,0.0,0.0,0.0,0.0,0.0,0.0,0.0,0.0,0.0,2.527e-05,0.0,0.00131671,0.0,0.0001863,0.0,0.0,0.0,0.0,0.0,0.0,0.0,0.0,0.0,0.0,0.0,6.05e-06,2.58e-06,0.0,0.0,0.0,0.0,0.0,0.00044317,1.42e-06,0.0,2.02e-05,0.0,4.7e-06,3.77e-06,0.0,0.0,0.0,1.85e-06,0.0,1.516e-05,0.0,0.00050907,0.0,0.0,1.181e-05,0.0,1.62e-05,0.0,4.81e-06,0.0,0.0,3.571e-05,0.0,0.0,0.0,2.31e-06,0.0,0.00099342,3.56e-06,0.0,0.0,2.83e-06,0.00154686,0.0
Prevx1,0.0,0.00046702,0.0,5.54e-06,0.0,0.00265957,8.29e-06,0.0,0.0,0.0,0.0,6.14e-06,0.0,8.441e-05,0.00021317,0.0,0.0,0.0019698,0.0,0.0,0.0,0.0,0.00028409,0.0,0.0,0.0,1.774e-05,0.0,0.0,0.0,0.0,3.26e-06,0.0,4.21e-05,0.0,1.507e-05,0.00019401,0.0,0.0,6.29e-06,0.0043956,7.95e-06,0.0,0.0,0.0,0.00206434,0.0,0.0,0.0,0.0,0.0,0.0,1.0,1.009e-05,0.0,0.0,8.68e-06,0.00058467,0.0,0.0001396,0.0,2.42e-06,2.53e-06,0.0,0.0,0.0,0.0,0.0,0.0,0.0,0.0,0.0,0.0,0.0,0.0,0.0,0.09259259,0.0,0.0,0.0,0.0,0.0,0.00793651,0.0,0.00076672,0.0,0.0,1.74e-06,0.0,0.0,0.0,0.0,0.0,0.0,3.95e-06,0.0046729,0.0,2.464e-05,0.00066344,9e-06,0.0,0.0,0.0,0.0,0.00114416,0.0,0.0,0.0,0.0,0.00073332,0.0,0.0,0.0,0.0,0.00118495,0.0,0.0,0.0,0.0,0.0,0.0,2.99e-06,0.00165289,0.0,1.55e-06,0.0,0.0,1.97e-06,0.0,1.51e-06
AegisLab,0.0,7.46e-05,0.0,0.0,0.0,0.0,0.0,0.0,0.0,0.0,0.0,2.36e-06,0.0,1.551e-05,3.548e-05,0.0,0.0,0.0,0.0,0.0,0.0,0.0,4.73e-05,0.0,0.0,0.0,0.0,0.0,0.0,0.0,0.0,0.0,1.638e-05,1.824e-05,0.0,0.0,5.506e-05,0.0,0.0,0.0,0.0,0.0,0.0,0.0,0.0,2.871e-05,0.0,0.0,0.0,0.0,0.0,0.0,1.009e-05,1.0,0.0,0.0,0.0,0.0001468,0.0,8.452e-05,0.0,1.17e-05,6.06e-06,0.0,3.47e-06,0.0,0.0,1.09e-06,0.0,0.0,0.0,1.96e-06,0.0,0.0,0.0,0.0,0.0,0.0,0.0,0.0,0.0,0.0,1.011e-05,0.0,1.925e-05,0.0,0.0,1.48e-06,0.0,0.0,0.0,0.0,0.0,0.0,0.0,0.0,0.0,4.54e-06,5.275e-05,2.31e-06,4.871e-05,0.0,0.0,0.0,9.96e-06,0.0,0.0,0.0,9.85e-06,8.692e-05,0.0,0.0,0.0,0.0,0.00021141,0.0,0.0,9.98e-06,0.0,0.0,0.0,2.61e-06,2.002e-05,0.0,1.34e-06,0.0,0.0,0.0,0.0,0.0
McAfeeBeta,0.0,0.0,0.0,0.0,0.0,0.0,0.0,0.0,0.0,0.0,0.0,0.0,8.23e-06,0.0,0.0,0.00011782,0.0,0.0,0.0,0.0,0.0,0.0,0.0,0.0,0.0,0.0,0.0,0.0,0.0,0.0,0.0,0.0002802,0.0,3.51e-06,0.0,0.0,9.581e-05,9.1e-05,4.14e-05,0.0,0.0,7.95e-06,0.0,0.0,0.00959344,0.0,0.0,0.0,0.0,0.0,0.0,2.524e-05,0.0,0.0,1.0,0.0,0.0,0.0,0.0,0.0,0.0,0.0,0.0,0.0,0.0,0.0,0.0,0.0,0.0,0.0,0.0,0.0,0.0,0.0,0.0,0.0,0.0,0.0,0.0,0.0,0.0,0.0,0.0,0.0,0.00037411,0.0,0.0,0.0,0.0,0.0,0.0,0.0,0.0,1.391e-05,0.0,0.0,0.0,0.0,0.0,0.0,0.0,0.0,0.0,0.0,0.0,0.0,0.0,5.38e-06,0.0,0.0,0.0,0.0,0.0,0.0,0.0,0.0,0.0,1.99e-06,0.0,0.0,0.0,0.0,0.0,1.341e-05,0.0,0.0,0.0,0.0,0.0,0.0
eTrust-Vet,0.00218506,0.0,0.0,0.0,0.0,0.0,0.0,0.0,0.0,0.0,0.0,0.0,7.36e-06,0.0,0.0,0.0,0.0,0.0,0.0,0.0,0.0,0.00125036,0.0,0.00019543,0.0,0.0,0.0,3.619e-05,0.0,0.00126127,0.0,0.0,0.0,0.00016695,0.0,0.0,0.0,0.0,0.0,0.0,0.0,0.0,0.0,0.00060798,0.0,0.0,0.0,0.0,0.0,0.0,0.0,4.71e-06,0.0,0.0,0.0,1.0,0.0,0.0,0.0010336,0.0,0.0,0.0,0.0,0.0,0.0,0.0,0.0,0.0,0.0,0.0,0.0,0.0,0.0,0.0,0.0,0.0,0.0,0.0,0.0,0.0,0.0,0.0,0.0,0.0,0.0,0.0,1.709e-05,0.0,0.0,0.0,0.0,0.0,0.0,4.35e-06,0.0,0.0,0.0,0.0,0.0,0.0,0.0,0.0,0.0,0.0,0.0,0.0,7.543e-05,0.0,0.0,0.0,0.12956737,0.0,0.0,0.0,0.0,0.0,0.0,0.0,0.0,0.0,0.0,0.0,0.0,0.0,0.0,0.0,0.0,0.0,0.0,0.0
Agnitum,3.84e-06,0.0,0.0,0.0,0.0,0.0,0.0,0.0,0.0,0.0,0.0,5.038e-05,5.69e-06,2.77e-05,0.00011469,0.0,0.0,5.613e-05,0.0,8.28e-06,0.0,0.0,4.22e-06,2.19e-06,0.0,0.0,0.0,0.0,0.0,0.0,0.0,1.825e-05,3.18e-06,0.0,0.0,0.04545759,8.32e-06,0.0,0.0,0.0,8.68e-06,0.0,0.0,0.0,0.0,0.00216648,0.0,0.0,0.0,0.0,0.0,4.67e-06,8.68e-06,0.0,0.0,0.0,1.0,4.724e-05,5.05e-06,7.123e-05,0.0,1.55e-06,0.00013099,0.0,2.38e-06,0.0,0.0,0.0,0.0,0.0,0.0,2.651e-05,0.0,6.255e-05,0.0,2.58e-05,0.0,0.0,4.34e-06,0.0,0.0,0.0,4.34e-06,0.0,1.7e-05,0.0,2.33e-06,0.00015378,0.00011594,3.072e-05,0.0,0.0,0.0,2.24e-06,0.05002325,0.0,0.0,0.0,1.632e-05,0.00014907,1.996e-05,0.0,0.0,0.0001829,5.608e-05,0.0,0.0,4.81e-06,0.0,8.521e-05,6.98e-06,0.0,0.0,0.0,2.914e-05,0.0,0.0,0.00017475,0.0,0.0,0.0,0.00016142,0.0,0.0,0.00016105,0.0,0.0,0.00014907,0.0,8.96e-06
Ikarus,0.0,0.0020598,0.0,9.8e-06,0.0,4.181e-05,0.00089574,0.00016459,0.0,0.0,0.0,0.00028065,6.9e-06,0.00441434,0.00445952,1.73e-06,0.0,0.0007586,0.0,1.993e-05,0.0,0.0,0.00450007,0.0,0.00023526,0.0,4.404e-05,2.726e-05,0.0,0.0,0.0,4.13e-05,0.00013887,0.00015233,4.929e-05,0.00016688,0.00720067,6.01e-06,0.0,1.095e-05,0.00066722,1.818e-05,0.0,0.0,2.114e-05,0.005341,0.0,0.0,0.0,0.0,0.0,9.03e-06,0.00058467,0.0001468,0.0,0.0,4.724e-05,1.0,5.29e-06,0.0152462,0.0,0.00572542,0.00042208,3.26e-06,0.00692947,0.0,0.0,0.0,0.0,0.0,0.0,0.0004626,0.0,3.421e-05,0.0,0.00049983,4.206e-05,0.0,0.00416264,0.0,0.0,0.0,0.00021019,0.0,0.01507077,0.0,2.145e-05,0.00043526,0.00292473,1.858e-05,0.0,0.0,4.18e-05,4.18e-06,2.833e-05,0.0,0.0,0.00416733,0.00319489,0.00072315,0.00028882,0.0,0.0,0.00047079,0.00126698,0.0,0.0,9.56e-06,0.00045536,0.01127439,0.0,0.0,4.113e-05,0.0,0.00133797,0.0,0.0,0.00155552,0.0,0.0,0.00011424,0.00052492,0.00088964,3.061e-05,0.00077926,4.138e-05,0.0,0.00043297,0.0,0.00013407
ESET-NOD32,0.11346348,0.0,0.0,0.0,0.0,0.0,0.0,0.0,0.0,0.0,0.0,4.07e-06,5.583e-05,1.923e-05,5.58e-06,6.6e-07,0.0,0.0,0.0,4.3e-07,0.0,0.01300795,0.0,0.00029143,0.0,0.0,0.0,5.61e-06,0.0,0.00550339,0.0,9.2e-07,0.0,0.00039324,0.0,4.32e-06,0.0,6.49e-06,1.399e-05,0.0,0.0,2.4e-06,0.0,6.04e-06,0.0,0.0,0.0,0.0,0.0,0.0,0.0,0.00026711,0.0,0.0,0.0,0.0010336,5.05e-06,5.29e-06,1.0,1.229e-05,0.0,0.0,0.0,0.0,0.0,0.0,0.0,0.0,0.0,0.0,0.0,3.47e-06,4.922e-05,0.0,0.0,0.0,0.0,0.0,0.0,0.0,0.0,0.0,0.0,0.0,0.0,0.0,4.029e-05,1.35e-06,0.0,0.0,0.0,0.0,0.0,1.313e-05,1.49e-06,0.0,0.0,0.0,0.0,0.0,0.0,0.0,0.0,1.96e-06,0.0,0.0,2.944e-05,5.7e-05,0.0,0.0,0.00262829,0.0,0.0,0.0,5.7e-06,0.0,0.0,1.5e-06,0.0,0.0,0.0,1.2e-06,0.0,2.92e-05,1.23e-06,0.0,0.0,0.0,0.0,0.0
VBA32,0.0,0.00229368,0.0,0.0,0.0,1.27e-05,0.00194324,0.00014377,0.0,0.0,0.0,0.00202816,2.002e-05,0.04330616,0.00188532,0.0,0.0,7.508e-05,0.0,3.09e-06,0.0,0.0,0.00162968,0.0,0.00015367,0.0,0.0,0.0,0.0,0.0,0.0,1.601e-05,0.00073115,4.127e-05,9.389e-05,8.291e-05,0.00286044,4.52e-06,0.0,0.0,0.00022834,6.06e-06,0.0,0.0,0.0,0.00265501,0.0,0.0,0.0,0.0,0.0,3.62e-06,0.0001396,8.452e-05,0.0,0.0,7.123e-05,0.0152462,1.229e-05,1.0,0.0,0.02651449,7.379e-05,0.0,0.00958742,0.0,0.0,3.34e-06,0.0,0.0,0.0,0.00077068,0.0,3.262e-05,0.0,1.237e-05,0.0,0.0,0.00041931,0.0,0.0,1.272e-05,0.00010173,0.0,0.01859049,0.0,0.00070295,7.484e-05,0.00045664,8.282e-05,0.0,0.0,6.347e-05,3.4e-06,2.567e-05,0.0,0.0,0.01826405,0.00198311,0.00026957,0.0003294,0.0,0.0,8.048e-05,7.487e-05,0.0,0.0,7.57e-06,0.00027096,0.00694917,7.42e-06,0.0,0.0,0.0,0.00058772,0.0,0.0,0.00828298,0.0,0.0,3.591e-05,7.634e-05,0.00125783,1.963e-05,0.00053623,1.266e-05,0.0,7.335e-05,0.0,0.00023347
BitDefenderTheta,0.0,0.0,0.0,0.0,0.0,0.0,0.0,0.0,0.0,0.0,0.0,0.0,0.0,0.0,0.0,0.0,0.0,0.0,0.0,8.29e-06,0.0,0.0,0.0,0.0,0.0,0.0,0.0,0.0,0.0,0.0,0.0,0.0,0.0,0.0,0.0,0.0,0.0,0.0,0.0,0.0,0.0,0.0,0.0,0.0,0.0,0.0,0.0,0.0,0.0,0.0,0.0,0.0,0.0,0.0,0.0,0.0,0.0,0.0,0.0,0.0,1.0,0.0,8.013e-05,0.0,0.0,0.0,0.0,0.0,0.0,0.0,0.0,0.0,0.0,0.0,0.0,1.69e-06,0.0,0.0,0.0,0.0,0.0,0.0,0.0,0.0,0.0,0.0,0.0,0.00040829,0.0,0.0,0.0,0.0,0.0,0.0,0.0,0.0,0.0,0.0,0.0,0.00010505,0.0,0.0,0.0,1.713e-05,0.0,0.0,0.0,0.0,0.0,0.0,0.0,0.0,0.0,0.0,0.0,0.0,0.0,0.00010711,0.0,0.0,0.0,0.00041899,0.0,0.0,0.00040323,0.0,0.0,0.00042556,0.0,0.0
Kaspersky,0.0,0.0,0.0,0.0,0.0,0.0,0.01825699,0.00012253,0.0,0.0,0.0,0.0,0.0,0.00020855,0.0,0.0,0.0,0.0,0.0,0.0,0.0,0.0,0.00027108,0.0,9.767e-05,0.0,1.9e-06,0.0,0.0,0.0,0.0,0.0,0.00014256,0.0,0.00034177,2.08e-06,0.00108393,0.0,0.0,0.0,7.25e-06,0.0,0.0,0.0,0.0,2.38e-06,0.0,0.0,0.0,0.0,0.0,0.0,2.42e-06,1.17e-05,0.0,0.0,1.55e-06,0.00572542,0.0,0.02651449,0.0,1.0,2.47e-06,0.0,0.45559524,0.0,0.0,2.673e-05,0.0,0.0,0.0,0.00137803,0.0,4.51e-06,0.0,0.0,0.0,0.0,0.00012322,4.8e-06,0.0,3.141e-05,0.0,0.0,0.00551457,0.0,7.577e-05,2.02e-06,0.00010118,0.0,0.0,0.0,1.932e-05,0.0,2.17e-06,0.0,0.0,0.0140582,0.0,0.0,0.0,0.0,0.0,1.32e-06,0.0,0.0,0.0,0.0,0.00028344,2.33e-06,0.0,0.0,0.0,0.0,1.416e-05,0.0,0.0,0.011867,0.0,0.0,1.89e-06,2.77e-06,0.0,0.0,0.00065755,2.41e-06,0.0,0.0,0.0,0.00031597
Arcabit,0.0,4.95e-06,0.0,0.0,0.0,2.53e-06,1.727e-05,0.0,0.0,0.0,0.0,0.00011647,3.87e-06,7.546e-05,7.324e-05,0.0,0.0,3.778e-05,0.0,0.00257992,0.0,0.0,1.987e-05,0.0,0.0,0.0,0.0,0.0,0.0,0.0,0.0,2.659e-05,1.042e-05,0.0,9.6e-07,0.00012991,8.624e-05,0.0,0.0,0.0,2.53e-06,1.55e-06,0.0,0.0,0.0,5.73e-05,0.0,0.0,0.0,0.0,0.0,0.0,2.53e-06,6.06e-06,0.0,0.0,0.00013099,0.00042208,0.0,7.379e-05,8.013e-05,2.47e-06,1.0,0.0,3.42e-06,0.0,0.0,0.0,0.0,0.0,0.0,1.735e-05,0.0,5.639e-05,0.0,0.00056305,0.0,0.0,2.53e-06,0.0,0.0,0.0,0.0,0.0,0.00034194,0.0,1.95e-06,0.08871106,0.00010074,1.409e-05,0.0,0.0,0.0,1.64e-06,0.00013311,0.0,0.0,1.93e-06,3.166e-05,0.10749675,4.5e-06,0.0,0.0,0.00783731,4.782e-05,0.0,0.0,3.44e-06,1.004e-05,0.00014324,2.21e-06,0.0,0.0,0.0,7.39e-06,0.0,0.0,0.03100325,0.0,0.0,1.95e-06,0.08046451,1.008e-05,0.0,0.06633025,2.019e-05,0.0,0.09416683,0.0,1.89e-06
Bkav,0.0,0.0,0.0,0.0,0.0,0.0,0.0,0.0,0.0,0.0,0.0,0.0,0.0,0.0,0.0,0.0,0.0,0.0,0.0,0.0,0.0,0.0,0.0,0.0,0.0,0.0,0.0,0.0,0.0,0.0,0.0,0.0,0.0,1.76e-06,0.0,0.0,0.0,0.0,0.0,0.0,0.0,0.0,0.0,0.0,0.0,0.0,0.0,0.0,0.0,0.0,2.78e-06,0.0,0.0,0.0,0.0,0.0,0.0,3.26e-06,0.0,0.0,0.0,0.0,0.0,1.0,0.0,0.0,0.0,0.0,0.0,0.0,0.0,0.0,0.0,0.0,0.0,0.0,0.0,0.0,0.0,0.0,0.0,0.0,0.0,0.0,0.0,0.0,0.0,0.0,0.0,0.0,0.0,0.0,0.0,2.01e-06,0.0,0.0,0.0,0.0,1.006e-05,0.0,0.0,0.0,0.0,0.0,0.0,0.0,0.0,0.0,0.0,0.0,0.0,0.0,0.0,0.0,0.0,0.0,0.0,0.0,0.0,0.0,0.0,0.0,0.0,0.0,0.0,0.0,0.0,0.0,0.0,0.0
ZoneAlarm,0.0,0.0,0.0,0.0,0.0,0.0,0.00706698,0.00022547,0.0,0.0,0.0,0.0,0.0,7.739e-05,0.0,0.0,0.0,0.0,0.0,0.0,0.0,0.0,0.00039701,0.0,9.708e-05,0.0,3.31e-06,0.0,0.0,0.0,0.0,0.0,0.00024459,0.0,0.0003173,0.0,0.00142334,0.0,0.0,0.0,5.26e-06,0.0,0.0,0.0,0.0,5.12e-06,0.0,0.0,0.0,0.0,0.0,0.0,0.0,3.47e-06,0.0,0.0,2.38e-06,0.00692947,0.0,0.00958742,0.0,0.45559524,3.42e-06,0.0,1.0,0.0,0.0,1.187e-05,0.0,0.0,0.0,0.00049803,0.0,4.53e-06,0.0,0.0,0.0,0.0,0.00014224,5.19e-06,0.0,6.325e-05,0.0,0.0,0.0021203,0.0,6.475e-05,2.61e-06,0.00014932,0.0,0.0,0.0,3.16e-05,0.0,2.88e-06,0.0,0.0,0.0026543,0.0,0.0,0.0,0.0,0.0,0.0,0.0,0.0,0.0,0.0,0.00047337,4.86e-06,0.0,0.0,0.0,0.0,2.505e-05,0.0,0.0,0.0017574,0.0,0.0,3.27e-06,1.17e-06,0.0,0.0,0.00020122,5.26e-06,0.0,0.0,0.0,0.00019833
a-squared,0.0,0.0,0.0,0.0,0.0,0.0,0.0,0.0,0.0,0.0,0.0,0.0,0.0,0.0,0.0,0.0,0.0,0.00056106,0.0,0.0,0.0,0.0,0.0,0.0,0.0,0.0,0.0,0.0,0.0,0.0,0.0,0.0,0.0,0.0,0.0,0.0,0.0,0.0,0.0,0.0,0.0,0.0,0.0,0.0,0.0,0.0,0.0,0.0,0.0,0.0,0.0,0.0,0.0,0.0,0.0,0.0,0.0,0.0,0.0,0.0,0.0,0.0,0.0,0.0,0.0,1.0,0.0,0.0,0.0,0.0,0.0,0.0,0.0,0.0,0.0,0.0,0.0,0.0,0.0,0.0,0.0,0.0,0.0,0.0,0.00121762,0.0,0.0,0.0,0.0,0.0,0.00396879,0.0,0.0,0.0,0.0,0.0,0.0,0.0,0.0,0.0,0.0,0.0,0.0,0.0,0.0,0.0,0.0,0.0,0.0,0.0,0.0,0.0,0.0,0.0,0.0,0.0,0.0,0.0,0.0,0.0,0.0,0.0,0.0,0.0,0.0,0.0,0.0,0.0,0.0,0.0
ahnlab,0.0,0.0,0.0,0.0,0.0,0.0,0.0,0.0,0.0,0.0,0.0,0.0,0.0,0.0,0.0,0.0,0.0,0.0,0.0,0.0,0.0,0.0,0.0,6.638e-05,0.0,0.0,0.0,0.0,0.0,0.0,0.0,0.0,0.0,0.0,0.0,0.0,0.0,0.0,0.0,0.0,0.0,0.0,0.0,0.0,0.0,0.0,0.0,0.0,0.0,0.0,0.0,0.0,0.0,0.0,0.0,0.0,0.0,0.0,0.0,0.0,0.0,0.0,0.0,0.0,0.0,0.0,1.0,0.0,0.0,0.0,0.0,0.0,0.0,0.0,0.0,0.0,0.0,0.0,0.0,0.0,0.0,0.0,0.0,0.0,0.0,0.0,0.0,0.0,0.0,0.0,0.0,0.0,0.0,0.0,0.0,0.0,0.0,0.0,0.0,0.0,0.0,0.0,0.0,0.0,0.0,0.0,0.0,0.0,0.0,0.0,0.0,0.0,0.0,0.0,0.0,0.0,0.0,0.0,0.0,0.0,0.0,0.0,0.0,0.0,0.0,0.0,0.0,0.0,0.0,0.0
NANO-Antivirus,0.0,0.0,0.0,0.0,0.0,0.0,1.88e-06,0.0,0.0,0.0,0.0,0.0,0.0,0.0,0.0,0.0,0.0,0.0,0.0,0.0,0.0,0.0,0.0,0.0,0.0,0.0,0.0,0.0,0.0,0.0,0.0,0.0,1.1e-06,0.0,0.0,0.0,0.0,0.0,0.0,0.0,0.0,0.0,0.0,0.0,0.0,0.0,0.0,0.0,0.0,0.0,0.0,0.0,0.0,1.09e-06,0.0,0.0,0.0,0.0,0.0,3.34e-06,0.0,2.673e-05,0.0,0.0,1.187e-05,0.0,0.0,1.0,0.0,0.0,0.0,0.0,0.0,0.0,0.0,0.0,0.0,0.0,0.0,0.0,0.0,0.0,0.0,0.0,0.0,0.0,0.0,0.0,0.0,0.0,0.0,0.0,0.0,0.0,0.0,0.0,0.0,0.0,0.0,0.0,0.0,0.0,0.0,0.0,0.0,0.0,0.0,0.0,0.0,0.0,0.0,0.0,0.0,0.0,0.0,0.0,0.0,0.0,0.0,0.0,0.0,0.0,0.0,0.0,0.0,0.0,0.0,0.0,0.0,0.0
 CarpeDiem (v),0.0,0.0,0.0,0.0,0.0,0.0,0.0,0.0,0.0,0.0,0.0,0.0,0.0,0.0,0.0,0.0,0.0,0.0,0.0,0.0,0.0,0.0,0.0,0.0,0.0,0.0,0.0,0.0,0.0,0.0,0.0,0.0,0.0,0.0,0.0,0.0,0.0,0.0,0.0,0.0,0.0,0.0,0.0,0.0,0.0,0.0,0.0,0.0,0.0,0.0,0.0,0.0,0.0,0.0,0.0,0.0,0.0,0.0,0.0,0.0,0.0,0.0,0.0,0.0,0.0,0.0,0.0,0.0,1.0,0.0,0.0,0.0,0.0,0.0,0.0,0.0,0.0,0.0,0.0,0.0,0.0,0.0,0.0,0.0,0.0,0.0,0.0,0.0,0.0,0.0,0.0,0.0,0.0,0.0,0.0,0.0,0.0,0.0,0.0,0.0,0.0,0.0,0.0,0.0,0.0,0.0,0.0,0.0,0.0,0.0,0.0,0.0,0.0,0.0,0.0,0.0,0.0,0.0,0.0,0.0,0.0,0.0,0.0,0.0,0.0,0.0,0.0,0.0,0.0,0.0
DrWebSE,0.0,0.0,0.0,0.0,0.0,0.0,0.0,0.0,0.0,0.0,0.0,5.529e-05,0.0,0.0,0.0,0.0,0.0,0.0,0.0,0.0,0.0,0.0,0.0,0.0,0.0,0.0,0.0,0.0,0.0,0.0,0.0,0.0,0.0,0.0,0.0,0.0,0.0,0.0,0.0,0.0,0.0,0.0,0.0,0.0,0.0,0.0,0.0,0.0,0.0,0.0,0.0,0.0,0.0,0.0,0.0,0.0,0.0,0.0,0.0,0.0,0.0,0.0,0.0,0.0,0.0,0.0,0.0,0.0,0.0,1.0,0.0,0.0,0.0,0.0,0.0,0.0,0.0,0.0,0.0,0.0,0.0,0.0,0.0,0.0,0.0,0.0,0.0,0.0,0.0,0.0,0.0,0.0,0.0,0.0,0.0,0.0,0.0,0.0,0.0,0.0,0.0,0.0,0.0,0.0,0.0,0.0,0.0,0.0,0.0,0.0,0.0,0.0,0.0,0.0,0.0,0.0,0.0,0.0,0.0,0.0,0.0,0.0,0.0,0.0,0.0,0.0,0.0,0.0,0.0,0.0
PandaB3,0.0,0.0,0.0,0.0,0.00077821,0.0,0.0,0.0,0.0,0.0,0.0,0.0,8.25e-06,0.0,0.0,0.0,0.0,0.0,0.0,0.0,0.0,0.0,0.0,0.0,0.0,0.0,0.0,7.702e-05,0.0,0.0,0.0,0.0,0.0,0.0,0.0,0.0,0.0,7.01e-06,1.66e-05,0.0,0.0,7.96e-06,0.0,0.0,0.0,0.0,0.0,0.0,0.03030303,0.0,0.0,2.527e-05,0.0,0.0,0.0,0.0,0.0,0.0,0.0,0.0,0.0,0.0,0.0,0.0,0.0,0.0,0.0,0.0,0.0,0.0,1.0,0.0,0.00252743,0.0,0.05263158,0.0,0.0,0.0,0.0,0.0,0.0,0.0,0.0,0.0,0.0,0.0,1.59e-06,0.0,0.0,0.0,0.0,0.0,0.0,0.0,0.0,0.0,0.00456621,0.0,6.704e-05,0.0,0.0,0.0,0.0,0.0,0.0,0.0,0.0,5.39e-06,0.0,0.0,0.0,0.0,0.0,0.0,0.0,0.0,0.0,0.0,0.0,0.0,0.0,0.0,0.0,1.346e-05,0.0,0.0,0.0,0.0,0.00273973,0.0
Comodo,0.0,0.0,0.0,0.0,0.0,0.0,0.0004204,1.862e-05,0.0,0.0,0.0,2.72e-06,0.0,1.98e-06,5.179e-05,0.0,0.0,0.0,0.0,1.93e-06,0.0,0.0,3.59e-05,0.0,1.439e-05,0.0,0.0,0.0,0.0,0.0,0.0,7.5e-07,6.06e-06,0.0,7.57e-06,1.886e-05,5.7e-05,0.0,0.0,0.0,2.43e-06,0.0,0.0,0.0,0.0,1.44e-05,0.0,0.0,0.0,0.0,0.0,0.0,0.0,1.96e-06,0.0,0.0,2.651e-05,0.0004626,3.47e-06,0.00077068,0.0,0.00137803,1.735e-05,0.0,0.00049803,0.0,0.0,0.0,0.0,0.0,0.0,1.0,0.0,1.81e-05,0.0,2.42e-06,0.0,0.0,4.865e-05,0.0,0.0,0.0,0.0,0.0,0.00037758,0.0,6.73e-06,2.431e-05,5.922e-05,0.0,0.0,0.0,0.0,0.0,1.854e-05,0.0,0.0,0.00064078,2.35e-06,2.016e-05,0.0,0.0,0.0,2.782e-05,2.42e-06,0.0,0.0,0.0,2.176e-05,0.0,0.0,0.0,0.0,0.0,2.38e-06,0.0,0.0,0.0004886,0.0,0.0,0.00010811,2.502e-05,0.0,0.0,7.195e-05,2.43e-06,0.0,2.068e-05,0.0,3.167e-05
Panda,2.098e-05,0.0,0.0,0.0,0.00042912,0.0,0.0,0.0,0.0,0.0,0.0,0.0,0.00096074,8.93e-06,0.0,7.3e-06,0.0,0.0,0.0,0.0,0.0,0.0,0.0,0.0,0.0,0.0,0.0,0.00089044,0.0,0.0,0.0,1.386e-05,0.0,8.934e-05,0.0,0.0,0.0,0.00021888,0.00064602,0.0,0.0,0.00034628,0.0,0.0,7.325e-05,0.0,0.0,0.0,0.00120606,0.0,0.0,0.00131671,0.0,0.0,0.0,0.0,0.0,0.0,4.922e-05,0.0,0.0,0.0,0.0,0.0,0.0,0.0,0.0,0.0,0.0,0.0,0.00252743,0.0,1.0,0.0,0.04346583,0.0,0.0,0.0,0.0,0.0,0.0,0.0,0.0,0.0,0.0,0.0,1.393e-05,0.0,0.0,0.0,0.0,0.0,0.0,0.00035677,1.91e-06,0.0,0.00028441,0.0,3.098e-05,0.0,0.0,0.0,0.0,0.0,0.0,5.705e-05,0.0,0.00035507,0.0,0.0,1.359e-05,0.0,0.00010512,0.0,0.0,0.0,0.0,7.7e-06,0.0,0.0,0.0,0.0,0.0,0.00103747,0.0,0.0,0.0,0.0,0.0005643,0.0
ViRobot,0.0,0.0,0.0,0.0,0.0,0.0,5.6e-06,0.0,0.0,0.0,0.0,1.127e-05,0.0,1.76e-06,3.696e-05,0.0,0.0,5.269e-05,0.0,5.64e-06,0.0,0.0,0.0,0.0,0.0,0.0,0.0,0.0,0.0,0.0,6.34e-06,1.865e-05,0.0,0.0,0.0,7.602e-05,0.0,0.0,0.0,0.0,2.11e-06,0.0,0.0,0.0,0.0,3.133e-05,0.0,0.0,0.0,0.0,0.0,0.0,0.0,0.0,0.0,0.0,6.255e-05,3.421e-05,0.0,3.262e-05,0.0,4.51e-06,5.639e-05,0.0,4.53e-06,0.0,0.0,0.0,0.0,0.0,0.0,1.81e-05,0.0,1.0,0.0,1.472e-05,0.0,0.0,2.11e-06,0.0,0.0,0.0,0.0,0.0,0.0,0.0,0.0,5.528e-05,9.703e-05,1.59e-05,0.0,0.0,0.0,0.0,4.392e-05,0.0,0.0,0.0,0.0,5.952e-05,0.0,0.0,0.0,4.896e-05,5.898e-05,0.0,0.0,0.0,0.0,6.13e-06,0.0,0.0,0.0,0.0,2.07e-06,0.0,0.0,6.254e-05,0.0,0.0,0.0,5.871e-05,0.0,0.0,5.811e-05,0.0,0.0,5.505e-05,0.0,2.64e-06
PandaBeta,0.0,0.0,0.0,0.0,0.00144578,0.0,0.0,0.0,0.0,0.0,0.0,0.0,9.837e-05,0.0,0.0,3.5e-07,0.0,0.0,0.0,0.0,0.0,0.0,0.0,0.0,0.0,0.0,0.0,0.00058106,0.0,0.0,0.0,0.0,0.0,0.0,0.0,0.0,0.0,4.185e-05,9.895e-05,0.0,0.0,4.76e-05,0.0,0.0,0.0,0.0,0.0,0.0,0.0250298,0.0,0.0,0.0001863,0.0,0.0,0.0,0.0,0.0,0.0,0.0,0.0,0.0,0.0,0.0,0.0,0.0,0.0,0.0,0.0,0.0,0.0,0.05263158,0.0,0.04346583,0.0,1.0,0.0,0.0,0.0,0.0,0.0,0.0,0.0,0.0,0.0,0.0,0.0,1.59e-06,0.0,0.0,0.0,0.0,0.0,0.0,4.627e-05,0.0,0.0,0.00297324,0.0,6.366e-05,0.0,0.0,0.0,0.0,0.0,0.0,0.0,0.0,4.295e-05,0.0,0.0,0.0,0.0,0.0,0.0,0.0,0.0,0.0,1.99e-06,0.0,0.0,0.0,0.0,0.0,0.00011987,0.0,0.0,0.0,0.0,0.00433651,0.0
eScan,0.0,0.0,0.0,0.0,0.0,0.0,0.0,0.0,0.0,0.0,0.0,9.15e-06,0.0,2.065e-05,0.00012394,0.0,0.0,0.0,0.0,5.717e-05,0.0,0.0,0.0003296,0.0,0.0,0.0,0.0,0.0,0.0,0.0,0.0,3.25e-06,0.0,0.0,0.0,7.308e-05,0.00040424,0.0,0.0,0.0,0.0,0.0,0.0,0.0,0.0,0.00038047,0.0,0.0,0.0,0.0,0.0,0.0,0.0,0.0,0.0,0.0,2.58e-05,0.00049983,0.0,1.237e-05,1.69e-06,0.0,0.00056305,0.0,0.0,0.0,0.0,0.0,0.0,0.0,0.0,2.42e-06,0.0,1.472e-05,0.0,1.0,0.0,0.0,0.0004158,0.0,0.0,0.0,0.0,0.0,0.00247729,0.0,0.0,0.00252526,0.00051875,0.0,0.0,0.0,0.0,0.0,9.84e-06,0.0,0.0,0.0,5.833e-05,0.00198573,0.0,0.0,0.0,0.0029756,0.00105014,0.0,0.0,0.0,0.0,0.0,0.0,0.0,0.0,0.0,8.196e-05,0.0,0.0,0.00423135,0.0,0.0,0.0,0.00330435,0.0,0.0,0.00347546,0.0,0.0,0.00240394,0.0,0.0
Prevx,0.0,0.0,0.0,0.0,0.0,0.0,0.0,0.0,0.0,0.0,0.0,0.0,0.0,0.0,0.0,0.0,0.0,0.0,0.0,0.0,0.0,0.0,0.0,0.0,0.0,0.0,0.0,0.0,0.0,0.0,0.0,0.0,0.0,0.0,0.0,0.0,0.0,0.0,0.0,0.0,0.0,0.0,0.0,0.0,0.0,0.0,0.0,0.0,0.0,0.0,0.0,0.0,0.09259259,0.0,0.0,0.0,0.0,4.206e-05,0.0,0.0,0.0,0.0,0.0,0.0,0.0,0.0,0.0,0.0,0.0,0.0,0.0,0.0,0.0,0.0,0.0,0.0,1.0,0.0,0.0,0.0,0.0,0.0,0.0,0.0,0.0,0.0,0.0,0.0,0.0,0.0,0.0,0.0,0.0,0.0,0.0,0.0,0.0,0.0,0.0,0.0,0.0,0.0,0.0,0.0,0.0,0.0,0.0,0.0,0.0,0.0,0.0,0.0,0.0,0.0,0.0,0.0,0.0,0.0,0.0,0.0,0.0,0.0,0.0,0.0,0.0,0.0,0.0,0.0,0.0,0.0
Cylance,0.0,0.0,0.0,0.0,0.0,0.0,0.0,0.0,0.0,0.0,0.0,0.0,0.0,0.0,0.0,0.0,0.0,0.0,0.0,0.0,0.0,0.0,0.0,0.0,0.0,0.0,0.0,0.0,0.0,0.0,0.0,0.0,0.0,0.0,0.0,0.0,0.0,0.0,0.0,0.0,0.0,0.0,0.0,0.0,0.0,0.0,0.0,0.0,0.0,0.0,0.0,0.0,0.0,0.0,0.0,0.0,0.0,0.0,0.0,0.0,0.0,0.0,0.0,0.0,0.0,0.0,0.0,0.0,0.0,0.0,0.0,0.0,0.0,0.0,0.0,0.0,0.0,1.0,0.0,0.0,0.0,0.0,0.0,0.0,0.0,0.0,0.0,0.0,0.0,0.0,0.0,0.0,0.0,0.0,0.0,0.0,0.0,0.0,0.0,0.0,0.0,0.0,0.0,0.0,0.0,0.0,0.0,0.0,0.0,0.0,0.0,0.0,0.0,0.0,0.0,0.0,0.0,0.0,0.0,0.0,0.0,0.0,0.0,0.0,0.0,0.0,0.0,0.0,0.0,0.0
T3,0.0,0.0,0.0,0.0,0.0,0.0,4.975e-05,0.0,0.0,0.0,0.0,9.21e-06,0.0,0.0,7.144e-05,0.0,0.0,0.0,0.0,4.6e-07,0.0,0.0,0.00100604,0.0,0.00016276,0.0,8.88e-06,0.0,0.0,0.0,0.0,0.0,0.0,3.51e-06,1.55e-06,1.509e-05,0.00107601,0.0,0.0,0.0,0.00529101,3.98e-06,0.0,0.0,0.0,0.000174,0.0,0.0,0.0,0.0,0.0,0.0,0.0,0.0,0.0,0.0,4.34e-06,0.00416264,0.0,0.00041931,0.0,0.00012322,2.53e-06,0.0,0.00014224,0.0,0.0,0.0,0.0,0.0,0.0,4.865e-05,0.0,2.11e-06,0.0,0.0004158,0.0,0.0,1.0,0.0,0.0,0.0,0.0,0.0,0.00351151,0.0,1.59e-06,1.74e-06,0.00026413,0.0,0.0,0.0,0.0,0.0,1.98e-06,0.0,0.0,0.00018083,0.0,3e-06,0.0,0.0,0.0,2.91e-06,0.00059809,0.0,0.0,0.0,0.0003639,0.0,0.0,0.0,0.0,0.0,0.0,0.0,0.0,5.573e-05,0.0,0.0,8.59e-06,1.5e-06,0.0,0.0,2.014e-05,0.0,0.0,1.97e-06,0.0,1.056e-05
Gridinsoft,0.0,0.0,0.0,0.0,0.0,0.0,0.0,0.0,0.0,0.0,0.0,0.0,0.0,0.0,0.0,0.0,0.0,0.0,0.0,0.0,0.0,0.0,0.0,0.0,0.0,0.0,0.0,0.0,0.0,0.0,0.0,0.0,0.0,0.0,1.54e-06,0.0,0.0,0.0,0.0,0.0,0.0,0.0,0.0,0.0,0.0,0.0,0.0,0.0,0.0,0.0,0.0,0.0,0.0,0.0,0.0,0.0,0.0,0.0,0.0,0.0,0.0,4.8e-06,0.0,0.0,5.19e-06,0.0,0.0,0.0,0.0,0.0,0.0,0.0,0.0,0.0,0.0,0.0,0.0,0.0,0.0,1.0,0.0,0.0,0.0,0.0,0.0,0.0,0.0,0.0,0.0,0.0,0.0,0.0,0.0,0.0,0.0,0.0,0.0,0.0,0.0,0.0,0.0,0.0,0.0,0.0,0.0,0.0,0.0,0.0,0.0,0.0,0.0,0.0,0.0,0.0,0.0,0.0,0.0,0.0,0.0,0.0,0.0,0.0,0.0,0.0,0.0,0.0,0.0,0.0,0.0,0.0
Alibaba,0.0,0.0,0.0,0.0,0.0,0.0,0.0,0.0,0.0,0.0,0.0,0.0,0.0,0.0,0.0,0.0,0.0,0.0,0.0,0.0,0.0,0.0,0.0,0.0,0.0,0.0,0.0,0.0,0.0,0.0,0.0,0.0,0.0,0.0,0.0,0.0,0.0,0.0,0.0,0.0,0.0,0.0,0.0,0.0,0.0,0.0,0.0,0.0,0.0,0.0,0.0,0.0,0.0,0.0,0.0,0.0,0.0,0.0,0.0,0.0,0.0,0.0,0.0,0.0,0.0,0.0,0.0,0.0,0.0,0.0,0.0,0.0,0.0,0.0,0.0,0.0,0.0,0.0,0.0,0.0,1.0,0.0,0.0,0.0,0.0,0.0,0.0,0.0,0.0,0.0,0.0,0.0,0.0,0.0,0.0,0.0,0.0,0.0,0.0,0.0,0.0,0.0,0.0,0.0,0.0,0.0,1.05e-06,0.0,0.0,0.0,0.0,0.0,0.0,0.0,0.0,0.0,0.0,0.0,0.0,0.0,0.0,0.0,0.0,0.0,0.0,0.0,0.0,0.0,0.0,0.0
Kaspersky21,0.0,0.0,0.0,0.0,0.0,0.0,4.15e-06,0.0,0.0,0.0,0.0,0.0,0.0,0.0,0.0,0.0,0.0,0.0,0.0,0.0,0.0,0.0,0.0,0.0,0.0,0.0,0.0,0.0,0.0,0.0,0.0,0.0,0.0,0.0,0.0,0.0,0.0,0.0,0.0,0.0,0.0,0.0,0.0,0.0,0.0,0.0,0.0,0.0,0.0,0.0,0.0,0.0,0.0,0.0,0.0,0.0,0.0,0.0,0.0,1.272e-05,0.0,3.141e-05,0.0,0.0,6.325e-05,0.0,0.0,0.0,0.0,0.0,0.0,0.0,0.0,0.0,0.0,0.0,0.0,0.0,0.0,0.0,0.0,1.0,0.0,0.0,0.0,0.0,1.59e-06,0.0,0.0,0.0,0.0,0.0,0.0,0.0,0.0,0.0,0.0,0.0,0.0,0.0,0.0,0.0,0.0,0.0,0.0,0.0,0.0,0.0,0.00038052,0.0,0.0,0.0,0.0,0.0,0.0,0.0,0.0,0.0,0.0,0.0,0.0,0.0,0.0,0.0,0.0,0.0,0.0,0.0,0.0,0.0
Malwarebytes3,0.0,0.00083373,0.0,0.0,0.0,0.0,0.0,0.0,0.0,0.0,0.0,6.14e-06,0.0,6.342e-05,0.0001438,0.0,0.0,0.0,0.0,0.0,0.0,0.0,0.0,0.0,0.0,0.0,0.0,0.0,0.0,0.0,0.0,0.0,0.0,0.0,0.0,1.511e-05,0.0,0.0,0.0,0.0,0.0,0.0,0.0,0.0,0.0,0.00088433,0.0,0.0,0.0,0.0,0.0,0.0,0.00793651,1.011e-05,0.0,0.0,4.34e-06,0.00021019,0.0,0.00010173,0.0,0.0,0.0,0.0,0.0,0.0,0.0,0.0,0.0,0.0,0.0,0.0,0.0,0.0,0.0,0.0,0.0,0.0,0.0,0.0,0.0,0.0,1.0,0.0,0.0,0.0,0.0,0.0,0.0,0.0,0.0,0.0,0.0,0.0,1.98e-06,0.0,0.0,0.0,0.00013409,0.0,0.0,0.0,0.0,0.0,0.00063171,0.0,0.0,0.0,0.0,0.00272176,0.0,0.0,0.0,0.0,0.00020058,0.0,0.0,0.0,0.0,0.0,0.0,0.0,0.00191571,0.0,0.0,0.0,0.0,0.0,0.0,0.0
Avast-Mobile,0.0,0.0,0.0,0.0,0.0,0.0,0.0,0.0,0.0,0.0,0.0,0.0,0.0,0.0,0.0,0.0,0.0,0.0,0.0,0.0,0.0,0.0,0.0,0.0,0.0,0.0,0.0,0.0,0.0,0.0,0.0,0.0,0.0,0.00151132,0.0,0.0,0.0,0.0,0.0,0.0,0.0,0.0,0.0,0.0,0.0,0.0,0.0,0.0,0.0,0.0,0.00542453,0.0,0.0,0.0,0.0,0.0,0.0,0.0,0.0,0.0,0.0,0.0,0.0,0.0,0.0,0.0,0.0,0.0,0.0,0.0,0.0,0.0,0.0,0.0,0.0,0.0,0.0,0.0,0.0,0.0,0.0,0.0,0.0,1.0,0.0,0.0,0.0,0.0,0.0,0.0,0.0,0.0,0.0,0.0,0.0,0.0,0.0,0.0,0.0,0.0,0.0,0.0,0.0,0.0,0.0,0.0,0.0,0.0,0.0,0.0,0.0,0.0,0.0,0.0,0.0,0.0,0.0,0.0,0.0,0.0,0.0,0.0,0.0,0.0,0.0,0.0,0.0,0.0,0.0,0.0
Sunbelt,0.0,0.00104822,0.0,0.0,0.0,0.0,0.00063026,0.00025216,0.0,0.0,0.0,3.63e-05,1.585e-05,0.0003918,0.00084831,6.63e-06,0.0,0.00396699,0.0,1.919e-05,0.0,0.0,0.08482184,4.33e-06,0.00036301,0.00019948,8.51e-06,5.571e-05,0.0,0.0,0.0,5.726e-05,3.36e-05,1.38e-05,2.459e-05,4.216e-05,0.08213391,0.0,2.391e-05,0.0,0.00133308,7.8e-06,0.0,0.0,0.00038526,0.00529801,0.0,0.0,0.0,0.0,0.0,0.0,0.00076672,1.925e-05,0.00037411,0.0,1.7e-05,0.01507077,0.0,0.01859049,0.0,0.00551457,0.00034194,0.0,0.0021203,0.00121762,0.0,0.0,0.0,0.0,0.0,0.00037758,0.0,0.0,0.0,0.00247729,0.0,0.0,0.00351151,0.0,0.0,0.0,0.0,0.0,1.0,0.0,4.73e-06,0.00030293,0.00080118,0.0,2.013e-05,0.0,0.00019275,4.54e-06,7.83e-06,0.0,0.0,0.00932269,0.00358351,0.00039035,3.265e-05,0.0,0.0,0.00045305,0.00306232,0.0,0.0,1.05e-05,0.0007873,0.00151336,0.0,0.0,0.000203,0.0,0.00040177,0.0,0.0,0.00464394,0.0,0.0,1.648e-05,0.00039234,0.00199967,1.262e-05,0.00068162,0.0,0.0,0.00032583,0.0,8.389e-05
CMC,0.0,0.0,0.0,0.0,0.0,0.0,0.0,0.0,0.0,0.0,0.0,0.0,0.0,0.0,0.0,0.0,0.0,0.0,0.0,0.0,0.0,0.0,0.0,0.0,0.0,0.0,0.0,0.0,0.0,0.0,0.0,0.0,0.0,0.0,0.0,0.0,0.0,0.0,0.0,0.0,0.0,0.0,0.0,0.0,0.0,0.0,0.0,0.0,0.0,0.0,0.0,0.0,0.0,0.0,0.0,0.0,0.0,0.0,0.0,0.0,0.0,0.0,0.0,0.0,0.0,0.0,0.0,0.0,0.0,0.0,0.0,0.0,0.0,0.0,0.0,0.0,0.0,0.0,0.0,0.0,0.0,0.0,0.0,0.0,0.0,1.0,0.0,0.0,0.0,0.0,0.0,0.0,0.0,0.0,0.0,0.0,0.0,0.0,0.0,0.0,0.0,0.0,0.0,0.0,0.0,0.0,0.0,0.0,0.0,0.0,0.0,0.0,0.0,0.0,0.0,0.0,0.0,0.0,0.0,0.0,0.0,0.0,0.0,0.0,0.0,0.0,0.0,0.0,0.0,0.0
Jiangmin,1.517e-05,0.0,0.0,0.0,0.0,1.59e-06,5.288e-05,2.47e-05,0.0,0.0,0.0,5.24e-06,2.67e-06,0.00143817,1.56e-06,2.9e-07,0.0,3.17e-06,0.0,3.6e-07,0.0,6.33e-06,1.57e-06,5.382e-05,0.0,0.0,0.0,0.0,0.0,3.17e-06,0.0,1.033e-05,9.82e-06,4.159e-05,1.02e-05,0.0,1.56e-06,0.00364537,2.936e-05,0.0,0.0,0.0,0.0,0.0,0.0,9.46e-06,0.0,0.0,0.0,0.0,0.0,6.05e-06,0.0,0.0,0.0,1.709e-05,2.33e-06,2.145e-05,4.029e-05,0.00070295,0.0,7.577e-05,1.95e-06,0.0,6.475e-05,0.0,0.0,0.0,0.0,0.0,1.59e-06,6.73e-06,1.393e-05,0.0,1.59e-06,0.0,0.0,0.0,1.59e-06,0.0,0.0,1.59e-06,0.0,0.0,4.73e-06,0.0,1.0,2.49e-06,4.69e-06,0.0,0.0,0.0,0.0,5.92e-06,0.0,0.0,0.0,8e-06,0.0,5.2e-06,0.0,0.0,0.0,1.03e-06,1.59e-06,0.0,0.0,3.68e-06,6.33e-06,9.3e-06,5.839e-05,0.0,0.0,0.0,0.0,0.0,0.0,5.3e-06,0.0,0.0,1.34e-06,1.54e-06,1.905e-05,1.42e-06,3.14e-06,1.59e-06,0.0,8.8e-07,0.0,2.633e-05
MicroWorld-eScan,0.0,0.0,0.0,0.0,0.0,0.0,1.101e-05,0.0,0.0,0.0,0.0,0.00014752,7.17e-06,7.306e-05,4.576e-05,0.0,0.0,2.944e-05,0.0,0.01300894,0.0,0.0,2.23e-05,0.0,0.0,0.0,0.0,0.0,0.0,0.0,0.0,3.207e-05,1.514e-05,0.0,8.2e-07,0.00011834,8.7e-05,0.0,0.0,0.0,1.73e-06,0.0,0.0,0.0,1.67e-06,4.297e-05,0.0,0.0,1.74e-06,0.0,0.0,2.58e-06,1.74e-06,1.48e-06,0.0,0.0,0.00015378,0.00043526,1.35e-06,7.484e-05,0.00040829,2.02e-06,0.08871106,0.0,2.61e-06,0.0,0.0,0.0,0.0,0.0,0.0,2.431e-05,0.0,5.528e-05,0.0,0.00252526,0.0,0.0,1.74e-06,0.0,0.0,0.0,0.0,0.0,0.00030293,0.0,2.49e-06,1.0,8.513e-05,1.815e-05,0.0,0.0,0.0,1.26e-06,0.00012479,0.0,0.0,0.0,3.046e-05,0.56857283,8.27e-06,0.0,0.0,0.07940739,3.982e-05,0.0,0.0,5.25e-06,1.382e-05,0.00012495,4.74e-06,0.0,0.0,0.0,3.41e-06,0.0,0.0,0.37771228,0.0,0.0,1.44e-06,0.8535745,8.66e-06,3.07e-06,0.72084059,1.908e-05,0.0,0.87463008,0.0,4.04e-06
eSafe,0.0,0.0,0.0,0.0,0.0,0.0,6.738e-05,9.995e-05,0.0,0.0,0.0,3.266e-05,0.0,3.781e-05,0.00087747,7e-07,0.0,0.00271783,0.0,7.74e-06,0.0,0.0,5.537e-05,0.0,0.0,0.0,0.0,0.0,0.0,0.0,8.902e-05,5.151e-05,0.0,3.38e-06,1.674e-05,0.00036199,4.689e-05,0.0,0.0,0.0,0.00052315,0.0,0.0,0.0,0.0,0.0004752,0.0,0.0,0.0,0.0,0.0,0.0,0.0,0.0,0.0,0.0,0.00011594,0.00292473,0.0,0.00045664,0.0,0.00010118,0.00010074,0.0,0.00014932,0.0,0.0,0.0,0.0,0.0,0.0,5.922e-05,0.0,9.703e-05,0.0,0.00051875,0.0,0.0,0.00026413,0.0,0.0,0.0,0.0,0.0,0.00080118,0.0,4.69e-06,8.513e-05,1.0,0.0,0.0,0.0,0.0,0.0,5.416e-05,0.0,0.0,6.779e-05,3.831e-05,0.00011612,0.0,0.0,0.0,0.00013518,0.00243385,0.0,0.0,0.0,7.224e-05,3.651e-05,0.0,0.0,0.0,0.0,0.00014182,0.0,0.0,0.00017724,0.0,0.0,0.0,9.716e-05,0.0,0.0,0.00011729,0.0,0.0,9.251e-05,0.0,4.453e-05
Kingsoft,0.0,0.0,0.0,0.0,0.0,0.0,0.0,0.0,0.0,0.0,0.0,3.374e-05,0.0,0.0,2.275e-05,0.0,0.0,0.0,0.0,4.5e-07,0.0,0.0,0.0,0.0,0.0,0.0,0.0,0.0,0.0,0.0,0.0,1.05e-06,0.0,0.0,0.0,2.078e-05,0.0,0.0,0.0,0.0,0.0,0.0,0.0,0.0,0.0,2.801e-05,0.0,0.0,0.0,0.0,0.0,0.0,0.0,0.0,0.0,0.0,3.072e-05,1.858e-05,0.0,8.282e-05,0.0,0.0,1.409e-05,0.0,0.0,0.0,0.0,0.0,0.0,0.0,0.0,0.0,0.0,1.59e-05,0.0,0.0,0.0,0.0,0.0,0.0,0.0,0.0,0.0,0.0,0.0,0.0,0.0,1.815e-05,0.0,1.0,0.0,0.0,0.0,0.0,5.6e-06,0.0,0.0,0.0,0.0,1.651e-05,0.0,0.0,0.0,2.674e-05,0.0,0.0,0.0,0.0,0.0,0.0,0.0,0.0,0.0,0.0,0.0,0.0,0.0,2.066e-05,0.0,0.0,0.0,1.719e-05,0.0,0.0,1.777e-05,0.0,0.0,1.674e-05,0.0,0.0
Emsisoft,0.0,0.0,0.0,0.0,0.0,0.0,0.0,0.0,0.0,0.0,0.0,0.0,0.0,0.0,0.0,0.0,0.0,5.53e-06,0.0,0.0,0.0,0.0,0.0,0.0,0.0,0.0,0.0,0.0,0.0,0.0,0.0,0.0,0.0,0.0,0.0,0.0,0.0,0.0,0.0,0.0,0.0,0.0,0.0,0.0,0.0,0.0,0.0,0.0,0.0,0.0,0.0,0.0,0.0,0.0,0.0,0.0,0.0,0.0,0.0,0.0,0.0,0.0,0.0,0.0,0.0,0.00396879,0.0,0.0,0.0,0.0,0.0,0.0,0.0,0.0,0.0,0.0,0.0,0.0,0.0,0.0,0.0,0.0,0.0,0.0,2.013e-05,0.0,0.0,0.0,0.0,0.0,1.0,0.0,0.0,0.0,0.0,0.0,0.0,0.0,0.0,0.0,0.0,0.0,0.0,0.0,0.0,0.0,0.0,0.0,0.0,0.0,0.0,0.0,0.0,0.0,0.0,0.0,0.0,0.0,0.0,0.0,0.0,0.0,0.0,0.0,0.0,0.0,0.0,0.0,0.0,0.0
Zillya,0.0,0.0,0.0,0.0,0.0,0.0,0.0,0.0,0.0,0.0,0.0,0.0,0.0,1.24e-06,0.0,0.0,0.0,0.0,0.0,0.0,0.0,0.0,0.0,0.0,0.0,0.0,0.0,0.0,0.0,0.0,0.0,0.0,0.0,0.0,0.0,0.0,0.0,0.0,0.0,0.0,0.0,0.0,0.0,0.0,0.0,0.0,0.0,0.0,0.0,0.0,0.0,0.0,0.0,0.0,0.0,0.0,0.0,0.0,0.0,0.0,0.0,0.0,0.0,0.0,0.0,0.0,0.0,0.0,0.0,0.0,0.0,0.0,0.0,0.0,0.0,0.0,0.0,0.0,0.0,0.0,0.0,0.0,0.0,0.0,0.0,0.0,0.0,0.0,0.0,0.0,0.0,1.0,0.0,0.0,0.0,0.0,0.0,0.0,0.0,0.0,0.0,0.0,0.0,0.0,0.0,0.0,0.0,0.0,0.0,0.0,0.0,0.0,0.0,0.0,0.0,0.0,0.0,0.0,0.0,0.0,0.0,0.0,0.0,0.0,0.0,0.0,0.0,0.0,0.0,0.0
ByteHero,0.0,0.0,0.0,0.0,0.0,0.0,1.658e-05,0.0,0.0,0.0,0.0,0.0,0.0,0.0,0.0,0.0,0.0,0.0,0.0,0.0,0.0,0.0,0.0,0.0,0.0,0.0,0.0,0.0,0.0,0.0,0.0,0.0,0.0,0.0,1.55e-06,0.0,9.73e-05,0.0,0.0,0.0,0.0,0.0,0.0,0.0,0.0,0.0,0.0,0.0,0.0,0.0,0.0,0.0,0.0,0.0,0.0,0.0,0.0,4.18e-05,0.0,6.347e-05,0.0,1.932e-05,0.0,0.0,3.16e-05,0.0,0.0,0.0,0.0,0.0,0.0,0.0,0.0,0.0,0.0,0.0,0.0,0.0,0.0,0.0,0.0,0.0,0.0,0.0,0.00019275,0.0,0.0,0.0,0.0,0.0,0.0,0.0,1.0,0.0,0.0,0.0,0.0,0.0,0.0,0.0,0.0,0.0,0.0,0.0,0.0,0.0,0.0,0.0,0.0,0.0,0.0,0.0,0.0,0.0,0.0,0.0,0.0,1.99e-06,0.0,0.0,0.0,0.0,0.0,0.0,1.55e-06,0.0,0.0,0.0,0.0,0.0
Avira,0.0,4.47e-06,0.0,0.0,4.156e-05,0.0,0.0,0.0,0.0,0.0,0.0,1.85e-06,0.0004222,9.68e-06,0.0,7.15e-06,0.0,0.0,0.0,4.2e-07,0.0,0.0,0.0,0.0,0.0,0.0,0.0,0.00011392,0.0,0.0,0.0,1.761e-05,0.0,8e-06,0.0,0.0,0.0,5.589e-05,0.04864672,0.0,0.0,0.00018221,0.0,0.0,2.931e-05,0.0,0.0,0.0,0.0,4.64e-06,3.42e-06,0.00044317,0.0,0.0,1.391e-05,4.35e-06,2.24e-06,4.18e-06,1.313e-05,3.4e-06,0.0,0.0,1.64e-06,2.01e-06,0.0,0.0,0.0,0.0,0.0,0.0,0.0,0.0,0.00035677,0.0,4.627e-05,0.0,0.0,0.0,0.0,0.0,0.0,0.0,0.0,0.0,4.54e-06,0.0,5.92e-06,1.26e-06,0.0,0.0,0.0,0.0,0.0,1.0,0.0,0.0,9.28e-06,0.0,0.0,0.0,4.12e-06,0.0,0.0,0.0,0.0,0.0001857,0.0,0.00029453,0.0,0.0,3.68e-06,0.0,3.403e-05,0.0,8.88e-06,0.0,0.0,2.787e-05,0.0,0.0,6.634e-05,1.13e-06,0.0,0.00035583,1.16e-06,0.0,0.0,0.0,7.42e-05,0.0
Yandex,1.87e-06,0.0,0.0,0.0,0.0,0.0,0.0,0.0,0.0,0.0,0.0,2.767e-05,1.59e-06,1.832e-05,5.773e-05,0.0,0.0,2.563e-05,0.0,9.29e-06,0.0,0.0,1.95e-06,1.37e-06,0.0,0.0,0.0,0.0,0.0,0.0,0.0,1.332e-05,1.69e-06,1.26e-06,0.0,0.02156274,3.88e-06,0.0,0.0,0.0,3.95e-06,0.0,0.0,0.0,0.0,0.00097076,0.0,0.0,0.0,0.0,1.72e-06,1.42e-06,3.95e-06,0.0,0.0,0.0,0.05002325,2.833e-05,1.49e-06,2.567e-05,0.0,2.17e-06,0.00013311,0.0,2.88e-06,0.0,0.0,0.0,0.0,0.0,0.0,1.854e-05,1.91e-06,4.392e-05,0.0,9.84e-06,0.0,0.0,1.98e-06,0.0,0.0,0.0,1.98e-06,0.0,7.83e-06,0.0,0.0,0.00012479,5.416e-05,5.6e-06,0.0,0.0,0.0,0.0,1.0,0.0,0.0,0.0,1.728e-05,0.00013707,1.03e-05,0.0,0.0,9.063e-05,2.562e-05,0.0,0.0,1.45e-06,0.0,4.215e-05,0.0,0.0,1.8e-06,0.0,1.357e-05,0.0,0.0,0.00011409,0.0,0.0,0.0,0.00012779,0.0,0.0,0.00012684,0.0,0.0,0.00012631,0.0,5.14e-06
APEX,0.0,0.0,0.0,0.0,0.0,0.0,0.0,0.0,0.0,0.0,0.0,0.0,0.0,0.0,0.0,0.0,0.0,0.0,0.0,0.0,0.0,0.0,0.0,0.0,0.0,0.0,0.0,0.0,0.0,0.0,0.0,0.0,0.0,0.0,0.0,0.0,0.0,0.0,0.0,0.0,0.0,0.0,0.0,0.0,0.0,0.0,0.0,0.0,0.0,0.0,0.0,0.0,0.0046729,0.0,0.0,0.0,0.0,0.0,0.0,0.0,0.0,0.0,0.0,0.0,0.0,0.0,0.0,0.0,0.0,0.0,0.0,0.0,0.0,0.0,0.0,0.0,0.0,0.0,0.0,0.0,0.0,0.0,0.0,0.0,0.0,0.0,0.0,0.0,0.0,0.0,0.0,0.0,0.0,0.0,0.0,1.0,0.0,0.0,0.0,0.0,0.0,0.0,0.0,0.0,0.0,0.0,0.0,0.0,0.0,0.0,0.0,0.0,0.0,0.0,0.00010067,0.0,0.0,0.0,0.0,0.0,0.0,0.0,0.0,0.0,0.0,0.0,0.0,0.0,0.0,0.0
F-Prot4,0.0,0.0,0.0,0.0,0.01867816,0.0,0.0,0.0,0.0,0.0,0.0,0.0,0.00101475,0.0,0.0,0.0,0.0,0.0,0.0,0.0,0.0,0.0,0.0,0.0,0.0,0.0,0.0,0.01211513,0.0,0.0,0.0,0.0,0.0,0.0,0.0,0.0,0.0,0.0,2.487e-05,0.0,0.0,1.193e-05,0.0,0.0,0.0,0.0,0.0,0.0,0.00502513,0.0,0.0,2.02e-05,0.0,0.0,0.0,0.0,0.0,0.0,0.0,0.0,0.0,0.0,0.0,0.0,0.0,0.0,0.0,0.0,0.0,0.0,0.00456621,0.0,0.00028441,0.0,0.00297324,0.0,0.0,0.0,0.0,0.0,0.0,0.0,0.0,0.0,0.0,0.0,0.0,0.0,0.0,0.0,0.0,0.0,0.0,9.28e-06,0.0,0.0,1.0,0.0,0.0,0.0,0.0,0.0,0.0,0.0,0.0,0.0,0.0,0.00011315,0.0,0.0,0.0,0.0,0.0,0.0,0.0,0.0,0.0,0.0,0.0,0.0,0.0,0.0,0.0,0.00102212,0.0,0.0,0.0,0.0,0.00606061,0.0
K7AntiVirus,0.0,7.7e-06,0.0,0.0,0.0,0.0,0.00064571,6.413e-05,0.0,0.0,0.0,0.0,4.12e-06,2.314e-05,0.0,3.4e-07,0.0,0.0,0.0,0.0,0.0,0.0,0.0004052,2.88e-06,3.92e-05,0.0,0.77065587,7.44e-06,0.0,0.0,0.0,9.6e-07,1.458e-05,4.92e-06,3.649e-05,0.0,0.00069169,0.0,0.0,0.0,2.463e-05,1.073e-05,0.0,0.0,0.0,2.359e-05,0.0,0.0,0.0,0.0,0.0,0.0,2.464e-05,4.54e-06,0.0,0.0,0.0,0.00416733,0.0,0.01826405,0.0,0.0140582,1.93e-06,0.0,0.0026543,0.0,0.0,0.0,0.0,0.0,0.0,0.00064078,0.0,0.0,0.0,0.0,0.0,0.0,0.00018083,0.0,0.0,0.0,0.0,0.0,0.00932269,0.0,8e-06,0.0,6.779e-05,0.0,0.0,0.0,0.0,0.0,0.0,0.0,0.0,1.0,7.33e-06,0.0,2.55e-06,0.0,0.0,0.0,0.0,0.0,0.0,3.26e-06,5.638e-05,0.0,0.0,0.0,0.0,0.0,2.282e-05,0.0,0.0,0.00616267,0.0,0.0,1.682e-05,0.0,0.0,5.11e-06,0.00036263,0.0,0.0,0.0,0.0,7.397e-05
Symantec,0.0,0.00181113,0.0,0.0,0.0,0.0,3.91e-06,0.0,0.0,0.0,0.0,0.00021449,2.205e-05,0.00201425,0.0010101,4.52e-06,0.0,0.00012356,0.0,1.82e-06,0.0,0.0,0.00500069,0.0,0.0,0.00013446,7.85e-06,0.0,0.0,0.0,0.0,1.603e-05,1.009e-05,1.001e-05,0.0,3.703e-05,0.00644797,0.0,0.0,0.0,0.0003308,3.76e-06,0.0,0.0,2.603e-05,0.02851406,0.0,0.0,0.0,0.0,0.0,4.7e-06,0.00066344,5.275e-05,0.0,0.0,1.632e-05,0.00319489,0.0,0.00198311,0.0,0.0,3.166e-05,1.006e-05,0.0,0.0,0.0,0.0,0.0,0.0,6.704e-05,2.35e-06,3.098e-05,0.0,6.366e-05,5.833e-05,0.0,0.0,0.0,0.0,0.0,0.0,0.00013409,0.0,0.00358351,0.0,0.0,3.046e-05,3.831e-05,0.0,0.0,0.0,0.0,0.0,1.728e-05,0.0,0.0,7.33e-06,1.0,8.618e-05,0.00017165,0.0,0.0,2.509e-05,6.093e-05,0.0,0.0,9.98e-06,0.0,0.00508387,1.407e-05,0.0,0.00023421,0.0,0.0017772,0.0,0.0,3.094e-05,0.0,0.0,0.0,3.075e-05,0.00050419,1.122e-05,3.181e-05,0.0,0.0,3.445e-05,0.0,4.43e-06
ALYac,0.0,4.098e-05,0.0,0.0,0.0,0.0,1.393e-05,0.0,0.0,0.0,0.0,0.00012296,2.2e-06,0.00021975,0.00012388,0.0,0.0,4.483e-05,0.0,0.01184404,0.0,0.0,5.293e-05,0.0,0.0,0.0,0.0,0.0,0.0,0.0,0.0,2.711e-05,1.676e-05,0.0,1.02e-06,0.00014523,0.00011941,0.0,0.0,0.0,6e-06,0.0,0.0,0.0,2.8e-06,0.00011214,0.0,0.0,3e-06,0.0,0.0,3.77e-06,9e-06,2.31e-06,0.0,0.0,0.00014907,0.00072315,0.0,0.00026957,0.00010505,0.0,0.10749675,0.0,0.0,0.0,0.0,0.0,0.0,0.0,0.0,2.016e-05,0.0,5.952e-05,0.0,0.00198573,0.0,0.0,3e-06,0.0,0.0,0.0,0.0,0.0,0.00039035,0.0,5.2e-06,0.56857283,0.00011612,1.651e-05,0.0,0.0,0.0,0.0,0.00013707,0.0,0.0,0.0,8.618e-05,1.0,2.153e-05,0.0,0.0,0.02938382,5.675e-05,0.0,0.0,1.93e-06,1.191e-05,0.00038934,5.14e-06,0.0,0.0,0.0,3.205e-05,0.0,0.0,0.17447779,0.0,0.0,0.0,0.48937063,4.188e-05,0.0,0.4168036,3e-06,0.0,0.63970161,0.0,4.02e-06
ClamAV,0.0,8.603e-05,0.0,0.0,0.0,0.0,1.95e-06,0.0,0.0,0.0,0.0,4.865e-05,0.0,0.00028211,0.00014765,3.19e-06,0.0,7.35e-06,0.0,0.0,0.0,0.0,2.523e-05,0.0,0.0,0.0,0.0,7.05e-06,0.0,0.0,0.0,5.88e-06,5.64e-06,1.8e-06,0.0,2.969e-05,3.206e-05,0.0,7.67e-06,0.0,3.69e-06,1.92e-06,0.0,0.0,0.0,0.00011947,0.0,0.0,0.0,0.0,0.0,0.0,0.0,4.871e-05,0.0,0.0,1.996e-05,0.00028882,0.0,0.0003294,0.0,0.0,4.5e-06,0.0,0.0,0.0,0.0,0.0,0.0,0.0,0.0,0.0,0.0,0.0,0.0,0.0,0.0,0.0,0.0,0.0,0.0,0.0,0.0,0.0,3.265e-05,0.0,0.0,8.27e-06,0.0,0.0,0.0,0.0,0.0,4.12e-06,1.03e-05,0.0,0.0,2.55e-06,0.00017165,2.153e-05,1.0,0.0,0.0,9.76e-06,1.47e-05,0.0,0.0,0.0,0.00023427,0.00029995,0.0,0.0,0.0,0.0,0.00018538,0.0,0.0,1.294e-05,0.0,0.0,0.0,1.385e-05,1.104e-05,0.0,1.201e-05,0.0,0.0,5.14e-06,0.0,6.43e-06
Trapmine,0.0,0.0,0.0,0.0,0.0,0.0,0.0,0.0,0.0,0.0,0.0,0.0,0.0,0.0,0.0,0.0,0.0,0.0,0.0,0.0,0.0,0.0,0.0,0.0,0.0,0.0,0.0,0.0,0.0,0.0,0.0,0.0,0.0,0.0,0.0,0.0,0.0,0.0,0.0,0.0,0.0,0.0,0.0,0.0,0.0,0.0,0.0,0.0,0.0,0.0,0.0,0.0,0.0,0.0,0.0,0.0,0.0,0.0,0.0,0.0,0.0,0.0,0.0,0.0,0.0,0.0,0.0,0.0,0.0,0.0,0.0,0.0,0.0,0.0,0.0,0.0,0.0,0.0,0.0,0.0,0.0,0.0,0.0,0.0,0.0,0.0,0.0,0.0,0.0,0.0,0.0,0.0,0.0,0.0,0.0,0.0,0.0,0.0,0.0,0.0,0.0,1.0,0.0,0.0,0.0,0.0,0.0,0.0,0.0,0.0,0.0,0.0,0.0,0.0,0.0,0.0,0.0,0.0,0.0,0.0,0.0,0.0,0.0,0.0,0.0,0.0,0.0,0.0,0.0,0.0
SophosML,0.0,0.0,0.0,0.0,0.0,0.0,0.0,0.0,0.0,0.0,0.0,0.0,0.0,0.0,0.0,0.0,0.00272603,0.0,0.0,0.0,0.0,0.0,0.0,0.0,0.0,0.0,0.0,0.0,0.0,0.0,0.0,0.0,0.0,0.0,0.0,0.0,0.0,0.0,0.0,0.0,0.0,0.0,0.0,0.0,0.0,0.0,0.0,0.0,0.0,0.0,0.0,0.0,0.0,0.0,0.0,0.0,0.0,0.0,0.0,0.0,0.0,0.0,0.0,0.0,0.0,0.0,0.0,0.0,0.0,0.0,0.0,0.0,0.0,0.0,0.0,0.0,0.0,0.0,0.0,0.0,0.0,0.0,0.0,0.0,0.0,0.0,0.0,0.0,0.0,0.0,0.0,0.0,0.0,0.0,0.0,0.0,0.0,0.0,0.0,0.0,0.0,0.0,1.0,0.0,0.0,0.0,0.0,0.0,0.0,0.0,0.0,0.0,0.00050823,0.0,0.0,0.0,0.0,0.0,0.0,0.0,0.0,0.0,0.0,0.0,0.0,0.0,0.0,0.0,0.0,0.0
nProtect,0.0,0.0,0.0,0.0,0.0,0.0,5.13e-06,0.0,0.0,0.0,0.0,9.711e-05,8.6e-06,4.562e-05,4.472e-05,0.0,0.0,2.897e-05,0.0565475,0.00048558,0.0,0.0,2.281e-05,0.0,0.0,0.0,0.0,0.0,0.0,0.0,2.91e-06,2.451e-05,1.168e-05,1.59e-06,1.01e-06,0.00013415,9.606e-05,0.0,0.0,0.0,2.91e-06,0.0,0.0,0.0,0.0,5.15e-05,0.0,0.0,0.0,0.0,0.0,1.85e-06,0.0,0.0,0.0,0.0,0.0001829,0.00047079,1.96e-06,8.048e-05,1.713e-05,1.32e-06,0.00783731,0.0,0.0,0.0,0.0,0.0,0.0,0.0,0.0,2.782e-05,0.0,4.896e-05,0.0,0.0029756,0.0,0.0,2.91e-06,0.0,0.0,0.0,0.0,0.0,0.00045305,0.0,1.03e-06,0.07940739,0.00013518,2.674e-05,0.0,0.0,0.0,0.0,9.063e-05,0.0,0.0,0.0,2.509e-05,0.02938382,9.76e-06,0.0,0.0,1.0,2.895e-05,0.0,0.0,3.78e-06,0.0,6.11e-05,5e-06,0.0,0.0,0.0,5.65e-06,0.0,0.0,0.10286577,0.0,0.0,0.0,0.0931378,8.7e-06,7.17e-06,0.09512001,0.0,0.0,0.06804919,0.0,4.97e-06
Webwasher-Gateway,0.0,0.00010103,0.0,0.0,0.0,0.0,0.0,0.0,0.0,0.0,0.0,6.11e-06,0.0,0.00019773,0.00058453,0.0,0.0,0.0744921,0.0,2.75e-06,0.0,0.0,0.00131563,0.0,0.0,0.0,0.0,0.0,0.0,0.0,0.00064725,0.00029286,1.165e-05,0.0,0.0,0.0002512,0.00111799,0.0,0.0,0.0,0.00112045,0.0,0.0,0.0,0.0,0.00182022,0.0,0.0,0.0,0.0,0.0,0.0,0.00114416,9.96e-06,0.0,0.0,5.608e-05,0.00126698,0.0,7.487e-05,0.0,0.0,4.782e-05,0.0,0.0,0.0,0.0,0.0,0.0,0.0,0.0,2.42e-06,0.0,5.898e-05,0.0,0.00105014,0.0,0.0,0.00059809,0.0,0.0,0.0,0.00063171,0.0,0.00306232,0.0,1.59e-06,3.982e-05,0.00243385,0.0,0.0,0.0,0.0,0.0,2.562e-05,0.0,0.0,0.0,6.093e-05,5.675e-05,1.47e-05,0.0,0.0,2.895e-05,1.0,0.0,0.0,0.0,0.0,0.00033898,0.0,0.0,0.0,0.0,0.00061071,0.0,0.0,4.367e-05,0.0,0.0,0.0,6.123e-05,0.00394945,0.0,4.174e-05,0.0,0.0,4.32e-05,0.0,4.52e-06
Antivir7,0.0,0.0,0.0,0.0,0.0,0.0,0.0,0.0,0.0,0.0,0.0,0.0,0.0,0.0,0.0,3.5e-07,0.0,0.0,0.0,0.0,0.0,0.0,0.0,0.0,0.0,0.0,0.0,0.0,0.0,0.0,0.0,1.09e-06,0.0,0.0,0.0,0.0,0.0,7.01e-06,0.0010129,0.0,0.0,3.98e-06,0.0,0.0,0.0,0.0,0.0,0.0,0.0,0.0,0.0,1.516e-05,0.0,0.0,0.0,0.0,0.0,0.0,0.0,0.0,0.0,0.0,0.0,0.0,0.0,0.0,0.0,0.0,0.0,0.0,0.0,0.0,5.705e-05,0.0,0.0,0.0,0.0,0.0,0.0,0.0,0.0,0.0,0.0,0.0,0.0,0.0,0.0,0.0,0.0,0.0,0.0,0.0,0.0,0.0001857,0.0,0.0,0.0,0.0,0.0,0.0,0.0,0.0,0.0,0.0,0.0,1.0,0.0,0.0,0.0,0.0,0.0,0.0,0.0,0.0,0.0,0.0,0.0,1.99e-06,0.0,0.0,0.0,0.0,0.0,0.0,0.0,0.0,0.0,0.0,0.00452489,0.0
Microsoft,7.29e-05,0.0,0.0,0.0,0.0,0.0,4.295e-05,0.0,0.0,0.0,0.0,0.0,0.0,0.0,0.0,0.0,0.0,0.0,0.0,0.0,0.0,0.0001212,0.0,1.893e-05,0.0,0.0,0.0,0.0,0.0,0.00010123,0.0,0.0,0.0,1.857e-05,0.0,0.0,0.0,0.0,0.0,0.0,0.0,0.0,0.0,2.601e-05,0.0,0.0,0.0,0.0,0.0,0.0,0.0,0.0,0.0,0.0,0.0,7.543e-05,0.0,0.0,2.944e-05,0.0,0.0,0.0,0.0,0.0,0.0,0.0,0.0,0.0,0.0,0.0,0.0,0.0,0.0,0.0,0.0,0.0,0.0,0.0,0.0,0.0,1.05e-06,0.0,0.0,0.0,0.0,0.0,0.0,0.0,0.0,0.0,0.0,0.0,0.0,0.0,0.0,0.0,0.0,0.0,0.0,0.0,0.0,0.0,0.0,0.0,0.0,0.0,1.0,0.0,0.0,0.0,4.232e-05,0.0,0.0,0.0,0.02083333,0.0,0.0,5.55e-06,0.0,0.0,0.0,0.0,0.0,0.0,0.0,0.0,0.0,0.0,0.0,0.0
Cyren,1.391e-05,0.0,0.0,0.0,0.00210963,0.0,0.0,0.0,0.0,0.0,0.0,3.91e-06,0.1216804,1.429e-05,0.0,3.28e-06,0.0,0.0,0.0,1.27e-06,0.0,5.31e-06,0.0,2.43e-06,0.0,5.39e-06,3.36e-06,0.00907958,0.0,0.0,0.0,6.33e-06,0.0,1.489e-05,0.0,0.0,0.0,5.184e-05,0.00028123,0.0,0.0,0.00017178,0.0,0.0,1.435e-05,5.23e-06,0.0,0.0,5.39e-06,8.628e-05,3.81e-06,0.00050907,0.0,0.0,5.38e-06,0.0,4.81e-06,9.56e-06,5.7e-05,7.57e-06,0.0,0.0,3.44e-06,0.0,0.0,0.0,0.0,0.0,0.0,0.0,5.39e-06,0.0,0.00035507,0.0,4.295e-05,0.0,0.0,0.0,0.0,0.0,0.0,0.0,0.0,0.0,1.05e-05,0.0,3.68e-06,5.25e-06,0.0,0.0,0.0,0.0,0.0,0.00029453,1.45e-06,0.0,0.00011315,3.26e-06,9.98e-06,1.93e-06,0.0,0.0,0.0,3.78e-06,0.0,0.0,0.0,1.0,0.0,0.0,1.655e-05,0.0,8.52e-06,0.0,5.12e-06,0.0,0.0,1.89e-05,0.0,0.0,3.31e-06,4.69e-06,0.0,0.05011282,4.81e-06,0.0,0.0,1.44e-06,5.922e-05,0.0
Sangfor,0.0,0.0,0.0,0.0,0.0,0.0,0.00032839,0.00014017,0.0,0.0,0.0,0.0,0.0,0.0,0.0,0.0,0.0,0.0,0.0,2.74e-06,0.0,0.0,0.00042355,0.0,0.0,0.0,0.0,0.0,0.0,0.0,0.0,0.0,0.0,0.0,1.851e-05,0.0,0.00039333,0.0,0.0,0.0,0.0,3.94e-06,0.0,0.0,0.0,0.0,0.0,0.0,0.0,0.0,0.0,0.0,0.0,9.85e-06,0.0,0.0,0.0,0.00045536,0.0,0.00027096,0.0,0.00028344,1.004e-05,0.0,0.00047337,0.0,0.0,0.0,0.0,0.0,0.0,2.176e-05,0.0,0.0,0.0,0.0,0.0,0.0,0.0003639,0.0,0.0,0.00038052,0.0,0.0,0.0007873,0.0,6.33e-06,1.382e-05,7.224e-05,0.0,0.0,0.0,0.0,0.0,0.0,0.0,0.0,5.638e-05,0.0,1.191e-05,0.00023427,0.0,0.0,0.0,0.0,0.0,0.0,0.0,1.0,0.0,0.0,0.0,0.0,0.0,7.972e-05,0.0,0.0,1.386e-05,0.0,0.0,5.045e-05,1.044e-05,0.0,0.0,1.389e-05,0.0003296,0.0,1.176e-05,0.0,1.203e-05
Malwarebytes,0.0,0.0088026,0.0,0.0,0.0,0.00018371,3.89e-06,2.861e-05,0.0,0.0,0.0,0.00021075,0.0,0.0050737,0.00599605,3.5e-07,0.0,0.00034333,0.0,3.64e-06,0.0,0.0,0.00235356,0.0,0.0,6.185e-05,0.0,0.0,0.0,0.0,0.0,1.281e-05,0.00014936,3.32e-06,0.0,0.00027949,0.00232771,0.0,0.0,0.0,0.00060964,0.0,0.0,0.0,0.0,0.00726045,0.0,0.0,0.0,0.0,0.0,0.0,0.00073332,8.692e-05,0.0,0.0,8.521e-05,0.01127439,0.0,0.00694917,0.0,2.33e-06,0.00014324,0.0,4.86e-06,0.0,0.0,0.0,0.0,0.0,0.0,0.0,0.0,6.13e-06,0.0,0.0,0.0,0.0,0.0,0.0,0.0,0.0,0.00272176,0.0,0.00151336,0.0,9.3e-06,0.00012495,3.651e-05,0.0,0.0,0.0,0.0,0.0,4.215e-05,0.0,0.0,0.0,0.00508387,0.00038934,0.00029995,0.0,0.0,6.11e-05,0.00033898,0.0,0.0,0.0,0.0,1.0,0.0,0.0,0.0,0.0,0.00230459,0.0,0.0,0.00010417,0.0,0.0,1.51e-05,0.000133,0.00169205,0.0,0.000127,0.0,0.0,0.00014128,0.0,7.37e-06
TotalDefense,0.00201688,0.0,0.0,0.0,0.0,0.0,0.0,0.0,0.0,0.0,0.0,2.62e-06,2.255e-05,0.0,0.0,0.0,0.0,0.0,0.0,4.5e-07,0.0,0.00057548,0.0,0.00036178,0.0,0.0,0.0,1.447e-05,0.0,0.00038359,0.0,0.0,0.0,0.00029331,0.0,0.0,0.0,0.0,5.66e-06,0.0,0.0,0.0,0.0,0.00014209,0.0,0.0,0.0,0.0,0.0,0.0,0.0,1.181e-05,0.0,0.0,0.0,0.12956737,6.98e-06,0.0,0.00262829,7.42e-06,0.0,0.0,2.21e-06,0.0,0.0,0.0,0.0,0.0,0.0,0.0,0.0,0.0,1.359e-05,0.0,0.0,0.0,0.0,0.0,0.0,0.0,0.0,0.0,0.0,0.0,0.0,0.0,5.839e-05,4.74e-06,0.0,0.0,0.0,0.0,0.0,3.68e-06,0.0,0.0,0.0,0.0,1.407e-05,5.14e-06,0.0,0.0,0.0,5e-06,0.0,0.0,4.232e-05,1.655e-05,0.0,0.0,1.0,0.0,0.0,0.0,1.512e-05,0.0,0.0,3.58e-06,0.0,0.0,0.0,4.14e-06,0.0,0.0,4.28e-06,0.0,0.0,5.32e-06,0.0,0.0
MAX,0.0,0.0,0.0,0.0,0.0,0.0,0.0,0.0,0.0,0.0,0.0,0.0,0.0,0.0,0.0,0.0,0.0,0.0,0.0,0.0,0.0,0.0,0.0,0.0,0.0,0.0,0.0,0.0,0.0,0.0,0.0,0.0,0.0,0.0,0.0,0.0,0.0,0.0,0.0,0.0,0.0,0.0,0.0,0.0,0.0,0.0,0.0,0.0,0.0,0.0,0.0,0.0,0.0,0.0,0.0,0.0,0.0,0.0,0.0,0.0,0.0,0.0,0.0,0.0,0.0,0.0,0.0,0.0,0.0,0.0,0.0,0.0,0.0,0.0,0.0,0.0,0.0,0.0,0.0,0.0,0.0,0.0,0.0,0.0,0.0,0.0,0.0,0.0,0.0,0.0,0.0,0.0,0.0,0.0,0.0,0.0,0.0,0.0,0.0,0.0,0.0,0.0,0.0,0.0,0.0,0.0,0.0,0.0,0.0,0.0,0.0,1.0,0.0,0.0,0.0,0.0,0.0,0.0,0.0,0.0,0.0,0.0,0.0,0.0,0.0,0.0,0.0,0.0,0.0,0.0
Sophos,0.0,0.0,0.0,0.0,0.0,0.0,0.0,0.0,0.0,0.0,0.0,0.0,1.174e-05,0.0,0.0,1.169e-05,0.06774324,0.0,0.0,0.0,0.0,0.0,0.00092912,0.0,1.812e-05,2.033e-05,0.0,0.0,0.0,0.0,0.0,3.093e-05,0.0,5.389e-05,0.0,0.0,0.00109755,1.043e-05,7.664e-05,4.81e-06,0.0,1.331e-05,0.0,0.0,1.375e-05,1.825e-05,0.0,0.0,0.0,0.0,3.168e-05,1.62e-05,0.0,0.0,0.0,0.0,0.0,4.113e-05,0.0,0.0,0.0,0.0,0.0,0.0,0.0,0.0,0.0,0.0,0.0,0.0,0.0,0.0,0.00010512,0.0,0.0,0.0,0.0,0.0,0.0,0.0,0.0,0.0,0.0,0.0,0.000203,0.0,0.0,0.0,0.0,0.0,0.0,0.0,0.0,3.403e-05,1.8e-06,0.0,0.0,0.0,0.00023421,0.0,0.0,0.0,0.00050823,0.0,0.0,0.0,0.0,8.52e-06,0.0,0.0,0.0,0.0,1.0,0.0,0.00101598,0.0,0.0,0.0,0.0,0.0,0.0,0.0,0.0,0.0,0.0,0.0,0.0,0.0,0.0,0.0
WhiteArmor,0.0,0.0,0.0,0.0,0.0,0.0,0.0,0.0,0.0,0.0,1.0,0.0,0.0,0.0,0.0,0.0,0.0,0.0,0.0,0.0,0.0,0.0,0.0,0.0,0.0,0.0,0.0,0.0,0.0,0.0,0.0,0.0,0.0,0.0,0.0,0.0,0.0,0.0,0.0,0.0,0.0,0.0,0.0,0.0,0.0,0.0,0.0,0.0,0.0,0.0,0.0,0.0,0.0,0.0,0.0,0.0,0.0,0.0,0.0,0.0,0.0,0.0,0.0,0.0,0.0,0.0,0.0,0.0,0.0,0.0,0.0,0.0,0.0,0.0,0.0,0.0,0.0,0.0,0.0,0.0,0.0,0.0,0.0,0.0,0.0,0.0,0.0,0.0,0.0,0.0,0.0,0.0,0.0,0.0,0.0,0.0,0.0,0.0,0.0,0.0,0.0,0.0,0.0,0.0,0.0,0.0,0.0,0.0,0.0,0.0,0.0,0.0,0.0,1.0,0.0,0.0,0.0,0.0,0.0,0.0,0.0,0.0,0.0,0.0,0.0,0.0,0.0,0.0,0.0,0.0
Webroot,0.0,0.00131406,0.0,5.26e-06,0.0,0.0,1.195e-05,0.00017414,0.0,0.0,0.0,6.558e-05,7.63e-06,0.00084283,0.00054663,7e-07,0.00026704,0.00053386,0.0,0.0,0.0,0.0,0.00071646,2.545e-05,0.0,0.00010069,8.17e-06,4.373e-05,0.0,0.0,0.0,9.67e-06,3.185e-05,6.79e-06,0.0,7.887e-05,0.00069944,0.0,1.534e-05,5.93e-06,0.0,0.0,0.0,0.0,0.0,0.00135283,0.0,0.0,0.0,0.0,2.299e-05,4.81e-06,0.00118495,0.00021141,0.0,0.0,2.914e-05,0.00133797,5.7e-06,0.00058772,0.0,1.416e-05,7.39e-06,0.0,2.505e-05,0.0,0.0,0.0,0.0,0.0,0.0,2.38e-06,0.0,2.07e-06,0.0,8.196e-05,0.0,0.0,0.0,0.0,0.0,0.0,0.00020058,0.0,0.00040177,0.0,0.0,3.41e-06,0.00014182,0.0,0.0,0.0,0.0,8.88e-06,1.357e-05,0.00010067,0.0,2.282e-05,0.0017772,3.205e-05,0.00018538,0.0,0.0,5.65e-06,0.00061071,0.0,0.02083333,5.12e-06,7.972e-05,0.00230459,1.512e-05,0.0,0.00101598,0.0,1.0,0.0,5.213e-05,5.86e-06,0.0,0.0,0.0,5.9e-06,0.00027452,2.376e-05,6.1e-06,0.0,0.0,3.86e-06,0.0,0.0
Trustlook,0.0,0.0,0.0,0.0,0.0,0.0,0.0,0.0,0.0,0.0,0.0,0.0,0.0,0.0,0.0,0.0,0.0,0.0,0.0,0.0,0.0,0.0,0.0,0.0,0.0,0.0,0.0,0.0,0.0,0.0,0.0,0.0,0.0,0.0,0.0,0.0,0.0,0.0,0.0,0.0,0.0,0.0,0.0,0.0,0.0,0.0,0.0,0.0,0.0,0.0,0.0,0.0,0.0,0.0,0.0,0.0,0.0,0.0,0.0,0.0,0.0,0.0,0.0,0.0,0.0,0.0,0.0,0.0,0.0,0.0,0.0,0.0,0.0,0.0,0.0,0.0,0.0,0.0,0.0,0.0,0.0,0.0,0.0,0.0,0.0,0.0,0.0,0.0,0.0,0.0,0.0,0.0,0.0,0.0,0.0,0.0,0.0,0.0,0.0,0.0,0.0,0.0,0.0,0.0,0.0,0.0,0.0,0.0,0.0,0.0,0.0,0.0,0.0,0.0,0.0,1.0,0.0,0.0,0.0,0.0,0.0,0.0,0.0,0.0,0.0,0.0,0.0,0.0,0.0,0.0
Avast5,0.0,0.0,0.0,0.0,0.0,0.0,0.0,0.0,0.0,0.0,0.0,0.0,0.0,0.0,0.0,0.0,0.0,0.0,0.0,0.0,0.0,0.0,0.0,0.0,0.0,0.0,0.0,0.0,0.0,0.0,0.0,0.0,0.0,0.00819669,0.0,0.0,0.0,0.0,0.0,0.0,0.0,0.0,0.0,0.00021342,0.0,0.0,0.0,0.0,0.0,0.0,0.11477273,0.0,0.0,0.0,0.0,0.0,0.0,0.0,0.0,0.0,0.0,0.0,0.0,0.0,0.0,0.0,0.0,0.0,0.0,0.0,0.0,0.0,0.0,0.0,0.0,0.0,0.0,0.0,0.0,0.0,0.0,0.0,0.0,0.0,0.0,0.0,0.0,0.0,0.0,0.0,0.0,0.0,0.0,0.0,0.0,0.0,0.0,0.0,0.0,0.0,0.0,0.0,0.0,0.0,0.0,0.0,0.0,0.0,0.0,0.0,0.0,0.0,0.0,0.0,5.213e-05,0.0,1.0,0.0,0.0,0.0,0.0,0.0,0.0,0.0,0.00025824,0.0,0.0,0.0,0.0,0.0
F-Secure,0.0,0.0,0.0,0.0,1.99e-06,0.0,0.00042797,2.879e-05,0.0,0.0,0.0,0.00017519,4.01e-05,7.037e-05,5.037e-05,5.9e-07,0.0,3.376e-05,0.0,0.00137394,0.0,0.0,0.00011197,1.37e-06,1.771e-05,0.0,1.63e-06,2.329e-05,0.0,0.0,0.0,3.795e-05,1.534e-05,2.54e-06,4.007e-05,0.00014603,0.00029478,1.241e-05,4.015e-05,0.0,5.97e-06,0.00071314,0.0,0.0,7.61e-06,5.71e-05,0.0,0.0,1.99e-06,0.0,0.0,3.571e-05,0.0,9.98e-06,1.99e-06,0.0,0.00017475,0.00155552,1.5e-06,0.00828298,0.00010711,0.011867,0.03100325,0.0,0.0017574,0.0,0.0,0.0,0.0,0.0,0.0,0.0004886,7.7e-06,6.254e-05,1.99e-06,0.00423135,0.0,0.0,5.573e-05,0.0,0.0,0.0,0.0,0.0,0.00464394,0.0,5.3e-06,0.37771228,0.00017724,2.066e-05,0.0,0.0,1.99e-06,2.787e-05,0.00011409,0.0,0.0,0.00616267,3.094e-05,0.17447779,1.294e-05,0.0,0.0,0.10286577,4.367e-05,1.99e-06,5.55e-06,1.89e-05,1.386e-05,0.00010417,3.58e-06,0.0,0.0,0.0,5.86e-06,0.0,0.0,1.0,0.0,0.0,3.23e-06,0.44802425,7.95e-06,3.122e-05,0.42786137,1.99e-06,0.0,0.31256262,1.393e-05,9.101e-05
FileAdvisor,0.0,0.0,0.0,0.0,0.0,0.0,0.0,0.0,0.0,0.0,0.0,0.0,0.0,0.0,0.0,0.0,0.0,0.0,0.0,0.0,0.0,0.0,0.0,0.0,0.0,0.0,0.0,0.0,0.0,0.0,0.0,0.0,0.0,0.0,0.0,0.0,0.0,0.0,0.0,0.0,0.0,0.0,0.0,0.0,0.0,0.0,0.0,0.0,0.0,0.0,0.0,0.0,0.0,0.0,0.0,0.0,0.0,0.0,0.0,0.0,0.0,0.0,0.0,0.0,0.0,0.0,0.0,0.0,0.0,0.0,0.0,0.0,0.0,0.0,0.0,0.0,0.0,0.0,0.0,0.0,0.0,0.0,0.0,0.0,0.0,0.0,0.0,0.0,0.0,0.0,0.0,0.0,0.0,0.0,0.0,0.0,0.0,0.0,0.0,0.0,0.0,0.0,0.0,0.0,0.0,0.0,0.0,0.0,0.0,0.0,0.0,0.0,0.0,0.0,0.0,0.0,0.0,0.0,1.0,0.0,0.0,0.0,0.0,0.0,0.0,0.0,0.0,0.0,0.0,0.0
SentinelOne,0.0,0.0,0.0,0.0,0.0,0.0,0.0,0.0,0.0,0.0,0.0,0.0,0.0,0.0,0.0,0.0,0.0,0.0,0.0,0.0,0.0,0.0,0.0,0.0,0.0,0.0,0.0,0.0,0.0,0.0,0.0,0.0,0.0,0.0,0.0,0.0,0.0,0.0,0.0,0.0,0.0,0.0,0.0,0.0,0.0,0.0,0.0,0.0,0.0,0.0,0.0,0.0,0.0,0.0,0.0,0.0,0.0,0.0,0.0,0.0,0.0,0.0,0.0,0.0,0.0,0.0,0.0,0.0,0.0,0.0,0.0,0.0,0.0,0.0,0.0,0.0,0.0,0.0,0.0,0.0,0.0,0.0,0.0,0.0,0.0,0.0,0.0,0.0,0.0,0.0,0.0,0.0,0.0,0.0,0.0,0.0,0.0,0.0,0.0,0.0,0.0,0.0,0.0,0.0,0.0,0.0,0.0,0.0,0.0,0.0,0.0,0.0,0.0,0.0,0.0,0.0,0.0,0.0,0.0,1.0,0.0,0.0,0.0,0.0,0.0,0.0,0.0,0.0,0.0,0.0
Qihoo-360,0.0,0.0,0.0,0.0,0.0,8.58e-06,0.00033588,7.4e-06,0.0,0.0,0.0,0.0,4.21e-06,4.74e-06,7.68e-06,0.0,0.0,0.0,0.0,0.0,0.0,0.0,0.0,0.0,0.0,0.0,0.0,0.0,0.0,0.0,0.0,0.0,0.0,0.0,0.0,0.0,0.0,3.86e-06,5.069e-05,0.0,0.0,0.0,0.0,0.0,0.0,8.2e-06,0.0,0.0,0.0,0.0,0.0,0.0,0.0,0.0,0.0,0.0,0.0,0.00011424,0.0,3.591e-05,0.0,1.89e-06,1.95e-06,0.0,3.27e-06,0.0,0.0,0.0,0.0,0.0,0.0,0.00010811,0.0,0.0,0.0,0.0,0.0,0.0,8.59e-06,0.0,0.0,0.0,0.0,0.0,1.648e-05,0.0,1.34e-06,1.44e-06,0.0,0.0,0.0,0.0,0.0,6.634e-05,0.0,0.0,0.0,1.682e-05,0.0,0.0,0.0,0.0,0.0,0.0,0.0,0.0,0.0,3.31e-06,5.045e-05,1.51e-05,0.0,0.0,0.0,0.0,0.0,0.0,0.0,3.23e-06,0.0,0.0,1.0,2.55e-06,0.0,5.25e-06,2.63e-06,0.0,0.0,1.6e-06,0.0,0.0
BitDefender,0.0,1.48e-06,0.0,0.0,0.0,0.0,9.9e-06,0.0,0.0,0.0,0.0,0.00019124,7.6e-06,7.867e-05,4.692e-05,0.0,0.0,4.033e-05,0.0,0.01261826,0.0,0.0,2.519e-05,0.0,0.0,0.0,0.0,0.0,0.0,0.0,0.0,5.665e-05,1.329e-05,1.05e-06,7.6e-07,0.00014983,9.142e-05,0.0,0.0,0.0,1.5e-06,1.09e-06,0.0,0.0,1.45e-06,5.64e-05,0.0,0.0,1.5e-06,0.0,0.0,2.31e-06,2.99e-06,2.61e-06,0.0,0.0,0.00016142,0.00052492,1.2e-06,7.634e-05,0.00041899,2.77e-06,0.08046451,0.0,1.17e-06,0.0,0.0,0.0,0.0,0.0,0.0,2.502e-05,0.0,5.871e-05,0.0,0.00330435,0.0,0.0,1.5e-06,0.0,0.0,0.0,0.0,0.0,0.00039234,0.0,1.54e-06,0.8535745,9.716e-05,1.719e-05,0.0,0.0,0.0,1.13e-06,0.00012779,0.0,0.0,0.0,3.075e-05,0.48937063,1.385e-05,0.0,0.0,0.0931378,6.123e-05,0.0,0.0,4.69e-06,1.044e-05,0.000133,4.14e-06,0.0,0.0,0.0,5.9e-06,0.0,0.0,0.44802425,0.0,0.0,2.55e-06,1.0,1.046e-05,4.04e-06,0.8463966,1.645e-05,0.0,0.75315416,0.0,3.76e-06
Ewido,0.0,0.00149781,0.0,0.0,0.0,0.0,0.0,0.0,0.0,0.0,0.0,3.369e-05,0.0,0.00193949,0.00121212,0.0,0.0,0.0034632,0.0,4.6e-07,0.0,0.0,0.00115016,0.0,0.0,0.0,0.0,0.0,0.0,0.0,0.0,5.42e-06,5.863e-05,7e-06,0.0,0.0,0.00090147,0.0,0.0,0.0,0.00644641,0.0,0.0,0.0,0.0,0.00455443,0.0,0.0,0.0,0.0,0.0,0.0,0.00165289,2.002e-05,0.0,0.0,0.0,0.00088964,0.0,0.00125783,0.0,0.0,1.008e-05,0.0,0.0,0.0,0.0,0.0,0.0,0.0,0.0,0.0,0.0,0.0,0.0,0.0,0.0,0.0,0.0,0.0,0.0,0.0,0.00191571,0.0,0.00199967,0.0,1.905e-05,8.66e-06,0.0,0.0,0.0,0.0,0.0,0.0,0.0,0.0,0.0,0.0,0.00050419,4.188e-05,1.104e-05,0.0,0.0,8.7e-06,0.00394945,0.0,0.0,0.0,0.0,0.00169205,0.0,0.0,0.0,0.0,0.00027452,0.0,0.0,7.95e-06,0.0,0.0,0.0,1.046e-05,1.0,0.0,7.74e-06,0.0,0.0,9.83e-06,0.0,1.808e-05
Commtouch,0.0,0.0,0.0,0.0,0.00837452,0.0,0.0,0.0,0.0,0.0,0.0,2.5e-06,0.13538858,5.92e-06,0.0,3.41e-06,0.0,0.0,0.0,4.4e-07,0.0,0.0,0.0,6.66e-06,0.0,0.0,5.35e-06,0.04225436,0.0,0.0,0.0,5.03e-06,0.0,8.35e-06,0.0,0.0,0.0,0.00010611,0.000555,0.0,0.0,0.00042414,0.0,0.0,3.067e-05,2.504e-05,0.0,0.0,1.346e-05,9.424e-05,6.61e-06,0.00099342,0.0,0.0,1.341e-05,0.0,0.0,3.061e-05,2.92e-05,1.963e-05,0.0,0.0,0.0,0.0,0.0,0.0,0.0,0.0,0.0,0.0,1.346e-05,0.0,0.00103747,0.0,0.00011987,0.0,0.0,0.0,0.0,0.0,0.0,0.0,0.0,0.0,1.262e-05,0.0,1.42e-06,3.07e-06,0.0,0.0,0.0,0.0,0.0,0.00035583,0.0,0.0,0.00102212,5.11e-06,1.122e-05,0.0,0.0,0.0,0.0,7.17e-06,0.0,0.0,0.0,0.05011282,0.0,0.0,0.0,0.0,0.0,0.0,2.376e-05,0.0,0.0,3.122e-05,0.0,0.0,5.25e-06,4.04e-06,0.0,1.0,4.17e-06,0.0,0.0,1.72e-06,0.00016093,0.0
GData,0.0,0.0,0.0,0.0,0.0,0.0,8.123e-05,6.02e-06,0.0,0.0,0.0,0.00019677,7.83e-06,7.704e-05,4.703e-05,0.0,0.0,3.402e-05,0.0,0.00990834,0.0,0.0,4.293e-05,0.0,6.14e-06,0.0,0.0,0.0,0.0,0.0,0.0,5.428e-05,1.508e-05,0.00012902,2.014e-05,0.00014057,0.0001297,0.0,0.0,0.0,1.55e-06,1.12e-06,0.0,1.55e-06,1.49e-06,5.377e-05,0.0,0.0,1.55e-06,0.0,0.00057756,3.56e-06,1.55e-06,1.34e-06,0.0,0.0,0.00016105,0.00077926,1.23e-06,0.00053623,0.00040323,0.00065755,0.06633025,0.0,0.00020122,0.0,0.0,0.0,0.0,0.0,0.0,7.195e-05,0.0,5.811e-05,0.0,0.00347546,0.0,0.0,2.014e-05,0.0,0.0,0.0,0.0,0.0,0.00068162,0.0,3.14e-06,0.72084059,0.00011729,1.777e-05,0.0,0.0,1.55e-06,1.16e-06,0.00012684,0.0,0.0,0.00036263,3.181e-05,0.4168036,1.201e-05,0.0,0.0,0.09512001,4.174e-05,0.0,0.0,4.81e-06,1.389e-05,0.000127,4.28e-06,0.0,0.0,0.0,6.1e-06,0.0,0.00025824,0.42786137,0.0,0.0,2.63e-06,0.8463966,7.74e-06,4.17e-06,1.0,1.858e-05,0.0,0.63244674,0.0,1.759e-05
BitDefenderFalx,0.0,0.0,0.0,0.0,0.0,0.0,0.0,0.0,0.0,0.0,0.0,0.0,0.0,0.0,0.0,0.0,0.0,0.0,0.0,5.04e-06,0.0,0.0,0.0,0.0,0.0,0.0,0.0,0.0,0.0,0.0,0.0,0.0,0.0,0.0,0.0,0.0,0.0,0.0,0.0,0.0,0.0,0.0,0.0,0.0,0.0,0.0,0.0,0.0,0.0,0.0,0.0,0.0,0.0,0.0,0.0,0.0,0.0,4.138e-05,0.0,1.266e-05,0.0,2.41e-06,2.019e-05,0.0,5.26e-06,0.0,0.0,0.0,0.0,0.0,0.0,2.43e-06,0.0,0.0,0.0,0.0,0.0,0.0,0.0,0.0,0.0,0.0,0.0,0.0,0.0,0.0,1.59e-06,1.908e-05,0.0,0.0,0.0,0.0,0.0,0.0,0.0,0.0,0.0,0.0,0.0,3e-06,0.0,0.0,0.0,0.0,0.0,0.0,0.0,0.0,0.0003296,0.0,0.0,0.0,0.0,0.0,0.0,0.0,0.0,1.99e-06,0.0,0.0,0.0,1.645e-05,0.0,0.0,1.858e-05,1.0,0.0,7.87e-06,0.0,1.51e-06
SAVMail,0.0,0.0,0.0,0.0,0.0,0.0,0.0,0.0,0.0,0.0,0.0,0.0,0.0,0.0,0.0,0.0,0.0,0.0,0.0,0.0,0.0,0.0,0.0,0.0,0.0,0.0,0.0,0.0,0.0,0.0,0.0,0.0,0.0,0.0,0.0,0.0,0.0,0.0,0.0,0.0,0.0,0.0,0.0,0.0,0.0,0.0,0.0,0.0,0.0,0.0,0.0,0.0,0.0,0.0,0.0,0.0,0.0,0.0,0.0,0.0,0.0,0.0,0.0,0.0,0.0,0.0,0.0,0.0,0.0,0.0,0.0,0.0,0.0,0.0,0.0,0.0,0.0,0.0,0.0,0.0,0.0,0.0,0.0,0.0,0.0,0.0,0.0,0.0,0.0,0.0,0.0,0.0,0.0,0.0,0.0,0.0,0.0,0.0,0.0,0.0,0.0,0.0,0.0,0.0,0.0,0.0,0.0,0.0,0.0,0.0,0.0,0.0,0.0,0.0,0.0,0.0,0.0,0.0,0.0,0.0,0.0,0.0,0.0,0.0,0.0,0.0,1.0,0.0,0.0,0.0
Ad-Aware,0.0,0.0,0.0,0.0,0.0,0.0,1.202e-05,0.0,0.0,0.0,0.0,0.00012483,3.18e-06,6.974e-05,4.985e-05,0.0,0.0,3.34e-05,0.0,0.01261381,0.0,0.0,2.527e-05,0.0,0.0,0.0,0.0,0.0,0.0,0.0,0.0,2.94e-05,1.52e-05,0.0,8.7e-07,0.00011503,9.657e-05,0.0,0.0,0.0,1.97e-06,0.0,0.0,0.0,1.88e-06,4.481e-05,0.0,0.0,1.97e-06,0.0,0.0,2.83e-06,1.97e-06,0.0,0.0,0.0,0.00014907,0.00043297,0.0,7.335e-05,0.00042556,0.0,0.09416683,0.0,0.0,0.0,0.0,0.0,0.0,0.0,0.0,2.068e-05,0.0,5.505e-05,0.0,0.00240394,0.0,0.0,1.97e-06,0.0,0.0,0.0,0.0,0.0,0.00032583,0.0,8.8e-07,0.87463008,9.251e-05,1.674e-05,0.0,0.0,0.0,0.0,0.00012631,0.0,0.0,0.0,3.445e-05,0.63970161,5.14e-06,0.0,0.0,0.06804919,4.32e-05,0.0,0.0,1.44e-06,1.176e-05,0.00014128,5.32e-06,0.0,0.0,0.0,3.86e-06,0.0,0.0,0.31256262,0.0,0.0,1.6e-06,0.75315416,9.83e-06,1.72e-06,0.63244674,7.87e-06,0.0,1.0,0.0,2.56e-06
FortinetBeta,0.0,0.0,0.0,5.53e-06,0.00192184,0.0,0.0,0.0,0.0,0.0,0.0,0.0,0.00011526,0.0,0.0,3.5e-07,0.0,0.0,0.0,0.0,0.0,0.0,0.0,0.0,0.0,0.0,0.0,0.00083013,0.0,0.0,0.0,1.09e-06,0.0,0.0,0.0,0.0,0.0,5.6e-05,0.00015735,6.28e-06,0.0,4.77e-05,0.0,0.0,4.189e-05,0.0,0.0,0.0,0.00289855,0.0,0.0,0.00154686,0.0,0.0,0.0,0.0,0.0,0.0,0.0,0.0,0.0,0.0,0.0,0.0,0.0,0.0,0.0,0.0,0.0,0.0,0.00273973,0.0,0.0005643,0.0,0.00433651,0.0,0.0,0.0,0.0,0.0,0.0,0.0,0.0,0.0,0.0,0.0,0.0,0.0,0.0,0.0,0.0,0.0,0.0,7.42e-05,0.0,0.0,0.00606061,0.0,0.0,0.0,0.0,0.0,0.0,0.0,0.0,0.00452489,0.0,5.922e-05,0.0,0.0,0.0,0.0,0.0,0.0,0.0,0.0,0.0,1.393e-05,0.0,0.0,0.0,0.0,0.0,0.00016093,0.0,0.0,0.0,0.0,1.0,0.0
Rising,0.0,4.47e-06,0.0,1.19e-06,0.0,0.0,0.00024463,0.0,0.0,0.0,0.0,5.06e-06,0.0,4.227e-05,5.91e-06,0.0,0.0,9.04e-06,0.0,0.0,0.0,0.0,8.96e-06,0.0,0.0,0.0,0.0,0.0,0.0,0.0,0.0,2.53e-06,0.0,0.0,5.657e-05,8.23e-06,3.122e-05,0.0,0.0,1.22e-06,1.056e-05,0.0,0.0,0.0,0.0,8.98e-06,0.0,0.0,0.0,0.0,0.0,0.0,1.51e-06,0.0,0.0,0.0,8.96e-06,0.00013407,0.0,0.00023347,0.0,0.00031597,1.89e-06,0.0,0.00019833,0.0,0.0,0.0,0.0,0.0,0.0,3.167e-05,0.0,2.64e-06,0.0,0.0,0.0,0.0,1.056e-05,0.0,0.0,0.0,0.0,0.0,8.389e-05,0.0,2.633e-05,4.04e-06,4.453e-05,0.0,0.0,0.0,0.0,0.0,5.14e-06,0.0,0.0,7.397e-05,4.43e-06,4.02e-06,6.43e-06,0.0,0.0,4.97e-06,4.52e-06,0.0,0.0,0.0,1.203e-05,7.37e-06,0.0,0.0,0.0,0.0,0.0,0.0,0.0,9.101e-05,0.0,0.0,0.0,3.76e-06,1.808e-05,0.0,1.759e-05,1.51e-06,0.0,2.56e-06,0.0,1.0
